company_code,revenue,gross_profit,operating_income,pre_tax_income,net_income,ebitda,ebit,eps,cash_equivalents,total_debt,net_cash,book_value,working_capital,operating_cashflow,capital_expenditures,free_cash_flow,income_tax
mmm,32.18B,15.58B,7.16B,6.70B,5.38B,8.61B,6.70B,$9.25,5.04B,19.66B,-14.62B,12.87B,7.03B,8.11B,-1.37B,6.74B,1.32B
abt,34.61B,19.61B,5.36B,4.99B,4.50B,8.87B,5.54B,$3.19,7.15B,18.75B,-11.60B,33.00B,8.53B,7.90B,-2.18B,5.72B,497.00M
abbv,45.80B,30.42B,11.36B,3.39B,4.62B,12.14B,5.67B,$2.72,8.48B,86.06B,-77.58B,13.08B,-4.49B,17.59B,-798.00M,16.79B,-1.22B
abmd,812.94M,657.74M,224.81M,254.04M,200.47M,277.31M,254.04M,$4.39,486.45M,n/a,486.45M,1.26B,573.29M,274.70M,-37.82M,236.88M,53.57M
acn,45.68B,14.46B,6.80B,7.13B,5.46B,9.02B,7.17B,$8.45,9.17B,3.47B,5.70B,18.31B,5.47B,10.04B,-524.32M,9.51B,1.67B
atvi,8.09B,5.83B,2.73B,2.62B,2.20B,2.97B,2.70B,$2.82,8.65B,3.61B,5.04B,15.04B,7.47B,2.25B,-78.00M,2.17B,419.00M
adbe,13.68B,11.97B,4.75B,4.69B,5.57B,5.65B,4.80B,$11.49,4.96B,4.71B,256.00M,13.55B,1.58B,6.17B,-384.00M,5.79B,-876.00M
amd,9.76B,4.35B,1.37B,1.28B,2.49B,1.68B,1.33B,$2.06,2.29B,531.00M,1.76B,5.84B,3.73B,1.07B,-294.00M,777.00M,-1.21B
aap,10.11B,4.48B,749.91M,651.02M,493.02M,947.98M,697.90M,$7.14,834.99M,3.05B,-2.21B,3.56B,1.53B,969.69M,-266.67M,703.02M,157.99M
aes,9.66B,2.69B,1.61B,262.00M,46.00M,2.37B,1.30B,$0.06,1.72B,19.88B,-18.16B,2.63B,52.00M,2.76B,-1.90B,855.00M,216.00M
afl,22.15B,10.35B,4.40B,4.16B,4.78B,4.40B,4.40B,$6.67,5.14B,7.90B,-2.76B,33.56B,n/a,5.96B,n/a,5.96B,-619.00M
a,5.53B,2.95B,959.00M,935.00M,810.00M,1.32B,1.01B,$2.60,1.33B,2.50B,-1.17B,4.80B,1.80B,1.22B,-125.00M,1.09B,125.00M
apd,8.98B,2.97B,2.22B,2.36B,1.89B,3.71B,2.49B,$8.51,6.20B,8.01B,-1.81B,12.68B,5.82B,3.37B,-2.73B,646.90M,471.60M
akam,3.20B,2.07B,658.53M,602.98M,557.05M,1.15B,672.10M,$3.37,1.10B,2.78B,-1.68B,4.25B,1.17B,1.22B,-731.87M,483.13M,45.92M
alk,3.57B,1.41B,-1.78B,-1.84B,-1.32B,-1.32B,-1.74B,-$9.88,3.35B,5.05B,-1.71B,2.99B,-287.00M,-234.00M,-206.00M,-440.00M,-516.00M
alb,3.13B,994.85M,505.81M,430.19M,375.76M,735.29M,503.31M,$3.52,746.72M,3.57B,-2.83B,4.27B,404.34M,798.91M,-850.48M,-51.56M,54.43M
are,1.93B,1.39B,499.24M,,760.32M,1.63B,922.65M,$5.57,534.40M,8.54B,-8.01B,12.99B,n/a,903.30M,-4.75B,-3.85B,n/a
alxn,6.07B,5.52B,678.70M,569.00M,603.40M,1.00B,673.70M,$2.72,3.00B,2.74B,260.30M,11.65B,4.21B,3.00B,-106.70M,2.90B,-34.40M
algn,2.47B,1.76B,387.17M,378.95M,1.78B,494.95M,378.95M,$22.41,960.84M,64.45M,896.40M,3.23B,523.94M,662.17M,-154.92M,507.26M,-1.40B
alle,2.74B,1.18B,505.90M,475.60M,421.90M,608.70M,526.10M,$4.57,394.30M,1.43B,-1.04B,727.70M,542.40M,571.30M,-41.60M,529.70M,53.70M
lnt,3.42B,1.36B,740.00M,567.00M,624.00M,1.46B,842.00M,$2.47,54.00M,7.17B,-7.11B,5.69B,-410.00M,501.00M,-1.29B,-792.00M,-57.00M
all,44.79B,19.91B,13.01B,6.96B,5.58B,7.96B,7.28B,$17.31,377.00M,7.83B,-7.45B,30.22B,n/a,5.49B,-308.00M,5.18B,1.38B
googl,182.53B,97.80B,41.22B,48.08B,40.27B,61.78B,48.08B,$58.61,136.69B,25.08B,111.62B,222.54B,117.46B,65.12B,-22.28B,42.84B,7.81B
goog,182.53B,97.80B,41.22B,48.08B,40.27B,61.78B,48.08B,$58.61,136.69B,25.08B,111.62B,222.54B,117.46B,65.12B,-22.28B,42.84B,7.81B
mo,26.15B,13.02B,10.87B,6.90B,4.47B,8.37B,8.11B,$2.40,4.95B,29.47B,-24.53B,2.84B,-1.95B,8.39B,-231.00M,8.15B,2.44B
amzn,386.06B,152.76B,22.90B,24.19B,21.33B,51.09B,25.84B,$41.83,84.40B,84.39B,7.00M,93.40B,6.35B,66.06B,-35.04B,31.02B,2.86B
amcr,12.48B,2.68B,1.16B,1.01B,777.60M,1.79B,1.19B,$0.31,755.00M,6.94B,-6.18B,4.79B,1.04B,1.48B,-397.10M,1.09B,236.00M
aee,5.79B,2.38B,1.30B,1.03B,871.00M,2.53B,1.45B,$3.50,139.00M,11.58B,-11.44B,8.94B,-527.00M,1.73B,-3.30B,-1.57B,155.00M
aal,12.83B,2.69B,-9.19B,-10.14B,-7.89B,-6.43B,-8.80B,-$14.73,14.85B,48.02B,-33.18B,-7.95B,756.00M,-6.20B,-670.00M,-6.87B,-2.24B
aep,15.45B,5.75B,3.05B,2.33B,2.28B,6.37B,3.49B,$4.57,523.10M,3.91B,-3.39B,20.97B,-5.96B,3.10B,-6.05B,-2.95B,48.50M
axp,33.41B,33.41B,6.84B,6.84B,5.00B,8.47B,6.84B,$6.10,40.28B,43.60B,-3.32B,24.45B,n/a,10.09B,-1.46B,8.63B,1.83B
aig,43.74B,15.31B,-5.82B,-7.40B,-5.94B,-1.83B,-5.95B,-$6.88,2.83B,37.53B,-34.71B,66.36B,n/a,1.04B,n/a,1.04B,-1.46B
amt,8.04B,5.81B,2.89B,1.82B,1.69B,4.50B,2.61B,$3.79,1.86B,36.71B,-34.85B,4.09B,-749.90M,3.88B,-1.03B,2.85B,129.60M
awk,3.78B,2.16B,1.55B,1.23B,709.00M,2.23B,1.62B,$3.91,576.00M,11.03B,-10.45B,6.45B,-975.00M,1.43B,-1.93B,-500.00M,518.00M
amp,11.90B,10.09B,2.64B,1.83B,1.53B,2.84B,2.64B,$12.20,9.40B,4.94B,4.46B,5.87B,n/a,4.62B,-147.00M,4.48B,297.00M
abc,194.55B,5.41B,-4.85B,-5.01B,-3.22B,-4.57B,-4.87B,-$15.76,4.89B,3.70B,1.19B,-697.22M,-344.23M,2.97B,-331.42M,2.64B,-1.79B
ame,4.54B,1.54B,1.03B,1.08B,872.44M,1.42B,1.17B,$3.77,1.21B,2.41B,-1.20B,5.95B,1.45B,1.28B,-64.69M,1.22B,209.87M
amgn,25.42B,19.27B,9.14B,8.13B,7.26B,13.00B,9.40B,$12.31,10.65B,32.99B,-22.34B,9.41B,9.49B,10.50B,-608.00M,9.89B,869.00M
aph,8.60B,2.66B,1.64B,1.52B,1.20B,1.94B,1.63B,$1.96,1.74B,3.87B,-2.13B,5.38B,3.19B,1.59B,-264.10M,1.33B,313.30M
adi,5.86B,3.89B,1.69B,1.52B,1.41B,2.52B,1.71B,$3.77,1.05B,5.15B,-4.10B,12.09B,947.98M,2.09B,-178.24M,1.91B,116.61M
anss,1.68B,1.46B,496.36M,493.93M,433.89M,611.16M,504.91M,$4.97,913.15M,919.06M,-5.91M,4.10B,990.41M,547.31M,-35.37M,511.94M,60.04M
antm,124.63B,25.09B,7.14B,6.32B,4.71B,8.27B,7.11B,$18.69,37.51B,23.23B,14.28B,33.85B,19.75B,10.68B,-1.02B,9.66B,1.61B
aon,11.07B,11.07B,2.78B,2.42B,1.97B,3.16B,2.75B,$8.45,1.19B,8.63B,-7.43B,3.50B,1.25B,2.78B,-141.00M,2.64B,448.00M
aos,2.90B,1.11B,440.20M,443.90M,344.90M,531.20M,451.20M,$2.12,689.60M,147.60M,542.00M,1.85B,731.70M,562.10M,-56.80M,505.30M,99.00M
apa,4.31B,381.00M,-4.57B,-4.72B,-4.78B,-2.68B,-4.45B,-$12.86,262.00M,8.77B,-8.51B,-1.64B,538.00M,1.39B,-1.30B,86.00M,64.00M
aapl,294.14B,114.07B,74.25B,74.75B,63.93B,85.66B,74.75B,$3.69,76.83B,112.04B,83.53B,66.22B,21.60B,88.92B,-8.70B,80.22B,10.82B
amat,18.20B,8.18B,4.61B,4.40B,3.86B,5.02B,4.64B,$4.18,6.62B,5.45B,1.17B,11.47B,9.77B,4.24B,-441.00M,3.80B,544.00M
aptv,13.07B,1.94B,2.12B,1.85B,1.80B,2.78B,2.02B,$6.66,2.85B,4.40B,-1.55B,7.91B,3.42B,1.41B,-584.00M,829.00M,49.00M
adm,64.36B,4.45B,1.69B,1.87B,1.77B,3.19B,2.21B,$3.15,6.56B,11.05B,-4.50B,20.02B,9.10B,-2.39B,-823.00M,-3.21B,101.00M
anet,2.32B,1.48B,699.68M,738.86M,634.56M,800.42M,738.86M,$7.99,2.87B,72.40M,2.80B,3.32B,3.07B,735.11M,-15.38M,719.73M,104.31M
ajg,7.00B,5.22B,1.19B,831.60M,818.80M,1.59B,1.03B,$4.20,3.57B,4.87B,-1.29B,6.19B,989.20M,1.75B,-99.30M,1.65B,12.80M
aiz,10.09B,7.55B,619.80M,514.40M,441.80M,763.20M,618.90M,$6.99,2.23B,2.25B,-24.30M,5.95B,n/a,1.34B,-121.20M,1.22B,72.60M
t,171.76B,91.84B,6.41B,-4.21B,-5.18B,32.23B,3.71B,-$0.34,9.74B,179.45B,-169.71B,161.67B,-11.43B,43.13B,-15.68B,27.46B,965.00M
ato,2.86B,2.21B,870.16M,799.26M,640.45M,1.32B,878.51M,$5.15,457.60M,5.13B,-4.67B,7.21B,394.45M,1.02B,-1.86B,-840.68M,158.81M
adsk,3.79B,3.45B,629.10M,546.70M,1.21B,752.90M,629.10M,$5.44,1.86B,2.10B,-247.40M,965.50M,-555.50M,1.44B,-95.90M,1.34B,-661.50M
adp,14.59B,6.13B,3.17B,3.21B,2.48B,3.77B,3.27B,$5.77,1.60B,2.35B,-749.30M,5.90B,2.49B,3.08B,-569.50M,2.51B,723.70M
azo,13.39B,7.14B,2.61B,2.40B,1.87B,3.01B,2.61B,$79.10,1.03B,8.34B,-7.31B,-1.52B,-477.43M,3.11B,-497.19M,2.61B,529.70M
avb,2.30B,1.48B,698.09M,824.38M,827.63M,1.75B,1.04B,$5.89,313.53M,7.75B,-7.43B,10.75B,n/a,1.22B,-980.94M,238.67M,-3.25M
avy,6.97B,1.92B,862.80M,733.60M,555.90M,1.01B,803.60M,$6.61,252.30M,2.12B,-1.86B,1.48B,490.20M,751.30M,-209.40M,541.90M,177.70M
bkr,20.06B,3.30B,245.00M,452.00M,-171.00M,1.98B,730.00M,$0.11,4.38B,7.62B,-3.24B,13.04B,5.83B,1.50B,-642.00M,862.00M,623.00M
bll,11.78B,2.46B,1.00B,684.00M,585.00M,1.67B,"1,000.00M",$1.76,1.37B,7.80B,-6.43B,3.28B,231.00M,1.43B,-1.11B,319.00M,99.00M
bac,85.53B,85.53B,30.32B,19.00B,17.89B,20.84B,19.00B,$2.33,691.07B,452.58B,238.49B,272.92B,n/a,37.99B,n/a,37.99B,1.10B
bk,15.81B,15.81B,5.26B,4.46B,3.62B,6.09B,4.46B,$3.75,159.08B,37.64B,121.44B,45.80B,n/a,5.04B,-1.22B,3.82B,842.00M
bax,11.67B,4.59B,1.62B,1.28B,1.10B,2.24B,1.42B,$2.13,3.73B,6.69B,-2.96B,8.69B,5.08B,1.87B,-709.00M,1.16B,182.00M
bdx,18.21B,8.33B,2.23B,1.75B,1.60B,4.44B,2.26B,$5.26,3.46B,17.82B,-14.36B,24.66B,2.52B,4.36B,-883.00M,3.48B,148.00M
brk.b,286.26B,94.33B,59.05B,54.96B,42.52B,69.64B,59.04B,"$26,667.81",47.99B,116.90B,-68.91B,443.16B,n/a,39.77B,-13.01B,26.76B,12.44B
bby,47.26B,10.57B,2.39B,2.38B,1.80B,3.27B,2.43B,$6.84,5.49B,4.08B,1.41B,4.59B,2.02B,4.93B,-713.00M,4.21B,579.00M
bio,2.55B,1.44B,410.96M,4.91B,3.81B,4.93B,4.93B,$126.20,996.68M,225.69M,770.99M,9.88B,1.51B,575.33M,-98.85M,476.48M,1.10B
biib,12.60B,10.78B,3.70B,3.76B,3.01B,4.45B,3.76B,$19.29,2.54B,7.65B,-5.11B,10.68B,3.55B,3.53B,-382.70M,3.15B,744.40M
blk,16.21B,13.31B,5.70B,6.17B,4.93B,6.85B,6.38B,$34.51,8.66B,7.26B,1.40B,35.28B,n/a,3.74B,-194.00M,3.55B,1.24B
ba,58.16B,-5.69B,-12.97B,-14.41B,-11.87B,-10.01B,-12.25B,-$20.88,25.59B,63.58B,-37.99B,-18.32B,34.36B,-18.41B,-1.01B,-19.42B,-2.54B
bkng,6.80B,6.80B,-631.00M,567.00M,59.00M,1.57B,923.00M,$1.44,11.06B,12.38B,-1.32B,4.89B,8.78B,85.00M,-286.00M,-201.00M,508.00M
bwa,10.17B,1.91B,618.00M,897.00M,500.00M,1.54B,970.00M,$2.34,1.65B,3.79B,-2.14B,6.43B,2.36B,1.18B,-445.00M,739.00M,397.00M
bxp,2.77B,1.74B,905.32M,,872.73M,1.99B,1.30B,$5.54,1.72B,13.49B,-11.77B,-14.50B,n/a,1.16B,-495.73M,661.11M,n/a
bsx,9.91B,6.45B,-79.00M,-80.00M,-82.00M,1.40B,281.00M,-$0.08,1.73B,9.14B,-7.41B,15.33B,3.01B,1.51B,-277.00M,1.23B,2.00M
bmy,42.52B,30.75B,-6.87B,-6.89B,-9.02B,3.49B,-6.89B,-$3.99,15.83B,50.68B,-34.85B,37.82B,11.11B,14.05B,-753.00M,13.30B,2.12B
avgo,24.69B,14.20B,5.14B,3.52B,3.95B,12.17B,5.46B,$8.65,9.55B,41.93B,-32.38B,23.97B,7.61B,12.85B,-457.00M,12.40B,-436.00M
br,4.68B,1.33B,683.10M,648.10M,518.60M,874.90M,705.40M,$4.43,365.60M,1.77B,-1.41B,1.43B,310.60M,670.00M,-61.20M,608.80M,129.50M
bf.b,3.36B,2.05B,1.07B,1.10B,911.00M,1.26B,1.18B,$1.90,1.11B,2.66B,-1.55B,2.47B,2.87B,787.00M,-73.00M,714.00M,189.00M
chrw,16.21B,2.41B,673.27M,628.33M,506.42M,775.00M,673.27M,$3.72,243.80M,1.52B,-1.27B,1.88B,1.10B,499.19M,-54.01M,445.18M,121.91M
cog,1.47B,807.74M,295.31M,241.12M,200.53M,686.15M,295.25M,$0.50,177.90M,1.13B,-956.02M,2.22B,25.49M,778.24M,-575.02M,203.22M,40.59M
cdns,2.80B,2.49B,710.14M,704.99M,653.83M,875.51M,725.32M,$2.34,742.98M,346.99M,395.99M,2.54B,557.39M,895.65M,-89.60M,806.04M,51.16M
czr,3.47B,1.85B,-437.00M,-1.63B,-1.76B,140.00M,-457.00M,-$13.52,3.78B,26.44B,-22.66B,5.02B,4.08B,-582.00M,-198.00M,-780.00M,126.00M
cpb,8.97B,3.12B,1.30B,1.08B,808.00M,1.63B,1.31B,$2.66,946.00M,6.02B,-5.08B,2.92B,-266.00M,1.34B,-264.00M,1.08B,272.00M
cof,18.26B,18.26B,3.20B,3.20B,2.71B,6.70B,3.20B,$5.18,40.51B,40.54B,-30.00M,60.20B,n/a,16.70B,-710.00M,15.99B,486.00M
cah,156.45B,6.97B,691.00M,1.05B,1.38B,2.11B,1.25B,$4.71,3.74B,6.73B,-3.00B,1.97B,4.36B,3.40B,-400.00M,3.00B,-328.00M
kmx,18.95B,2.38B,1.04B,965.26M,746.92M,1.29B,1.05B,$4.52,628.73M,15.53B,-14.90B,4.36B,2.42B,667.76M,-162.69M,505.07M,218.34M
ccl,831.00M,-2.79B,-9.68B,-11.46B,-11.43B,-7.79B,-10.22B,-$13.02,11.51B,32.73B,-21.22B,19.81B,3.84B,-8.72B,-3.95B,-12.67B,-34.00M
carr,17.46B,5.11B,1.87B,2.83B,1.98B,3.46B,3.12B,$2.25,3.12B,10.87B,-7.75B,6.25B,3.41B,1.69B,-312.00M,1.38B,849.00M
ctlt,3.46B,1.12B,479.10M,385.10M,345.90M,762.50M,491.20M,$1.81,833.10M,3.06B,-2.22B,3.46B,1.49B,518.10M,-652.20M,-134.10M,39.20M
cat,41.75B,12.08B,4.55B,4.00B,3.00B,6.95B,4.52B,$5.46,9.35B,37.16B,-27.81B,15.38B,13.75B,6.33B,-1.34B,4.98B,1.01B
cboe,3.43B,1.25B,662.20M,660.40M,468.20M,856.50M,698.00M,$4.56,337.80M,1.34B,-998.20M,3.35B,253.50M,1.46B,-47.40M,1.41B,192.20M
cbre,23.83B,4.78B,881.97M,966.09M,751.99M,1.54B,1.03B,$2.22,2.04B,4.10B,-2.06B,7.08B,1.70B,1.83B,-266.58M,1.56B,214.10M
cdw,18.47B,3.21B,1.18B,1.00B,788.50M,1.58B,1.16B,$5.45,1.41B,4.10B,-2.69B,1.30B,2.06B,1.31B,-158.00M,1.16B,213.80M
ce,5.99B,1.43B,797.00M,2.36B,2.09B,2.82B,2.46B,$17.84,1.12B,3.82B,-2.70B,3.54B,1.78B,1.20B,-337.00M,863.00M,267.00M
cnc,111.12B,15.22B,3.08B,2.79B,1.81B,4.77B,3.52B,$3.12,12.38B,16.78B,-4.40B,25.77B,1.81B,5.50B,-869.00M,4.63B,979.00M
cnp,7.42B,2.41B,1.04B,-1.05B,-773.00M,673.00M,-518.00M,-$1.79,1.02B,14.39B,-13.38B,8.35B,-1.91B,2.00B,-2.60B,-601.00M,-274.00M
cern,5.51B,4.57B,914.57M,991.47M,780.09M,1.69B,991.47M,$2.52,1.06B,1.34B,-277.98M,4.48B,1.48B,1.44B,-579.26M,857.45M,211.39M
cf,4.12B,801.00M,612.00M,348.00M,317.00M,1.42B,527.00M,$1.47,683.00M,4.22B,-3.54B,2.92B,461.00M,1.23B,-307.00M,924.00M,31.00M
schw,11.69B,11.69B,4.30B,4.30B,3.30B,4.90B,4.30B,$2.32,90.75B,13.63B,77.12B,56.06B,n/a,6.85B,-631.00M,6.22B,1.00B
chtr,48.10B,48.10B,8.41B,3.85B,3.22B,17.40B,7.70B,$15.40,1.00B,82.75B,-81.75B,23.81B,-5.97B,14.56B,-7.96B,6.61B,626.00M
cvx,94.69B,19.38B,-6.76B,-7.44B,-5.54B,12.77B,-6.74B,-$2.96,5.63B,44.32B,-38.69B,131.69B,3.90B,10.58B,-5.95B,4.62B,-1.89B
cmg,5.98B,1.04B,290.16M,293.78M,355.77M,716.85M,293.78M,$14.27,979.45M,3.16B,-2.18B,2.02B,598.04M,663.85M,-373.35M,290.50M,-61.99M
cb,35.99B,13.50B,4.68B,4.16B,3.53B,4.97B,4.68B,$7.79,1.84B,16.66B,-14.83B,59.44B,n/a,9.79B,n/a,9.79B,629.00M
chd,4.90B,2.21B,1.03B,973.80M,785.90M,1.22B,1.03B,$3.12,183.10M,2.16B,-1.98B,3.02B,-276.20M,990.30M,-91.90M,898.40M,187.90M
ci,160.40B,24.21B,8.15B,10.84B,8.46B,15.08B,12.28B,$22.96,11.51B,32.92B,-21.41B,50.32B,-8.22B,10.35B,-1.09B,9.26B,2.38B
cinf,7.54B,3.40B,1.55B,1.50B,1.22B,1.63B,1.55B,$7.49,900.00M,899.00M,"1,000,000",10.79B,n/a,1.49B,-20.00M,1.47B,283.00M
ctas,6.90B,3.16B,1.24B,1.14B,987.83M,1.62B,1.24B,$9.14,553.61M,2.70B,-2.15B,3.82B,1.71B,1.26B,-141.32M,1.12B,149.60M
csco,48.03B,30.82B,12.45B,12.69B,10.13B,14.94B,13.16B,$2.39,30.59B,14.55B,16.03B,39.12B,16.64B,15.11B,-680.00M,14.43B,2.56B
c,74.30B,56.80B,13.63B,13.57B,11.05B,17.51B,13.57B,$7.29,309.62B,500.73B,-191.11B,199.44B,n/a,-20.62B,-3.40B,-24.02B,2.53B
cfg,5.29B,5.29B,1.30B,1.19B,950.00M,1.77B,1.19B,$3.56,13.04B,8.59B,4.45B,22.67B,n/a,111.00M,-118.00M,-7.00M,241.00M
ctxs,3.24B,2.74B,608.81M,554.88M,504.45M,769.98M,619.57M,$4.00,877.01M,1.93B,-1.05B,112.14M,-161.32M,935.81M,-41.44M,894.37M,50.43M
clx,7.52B,3.52B,1.65B,1.55B,1.23B,1.84B,1.64B,$9.56,732.00M,3.16B,-2.43B,1.18B,365.00M,1.68B,-294.00M,1.38B,321.00M
cme,4.88B,4.88B,2.64B,2.72B,2.11B,3.35B,2.89B,$5.87,88.52B,90.23B,-1.71B,26.32B,1.09B,2.72B,-197.50M,2.52B,615.70M
cms,6.68B,2.77B,1.72B,1.25B,755.00M,2.86B,1.81B,$2.64,185.00M,15.20B,-15.01B,5.50B,-670.00M,1.28B,-2.26B,-983.00M,492.00M
ko,33.01B,19.58B,9.00B,9.73B,7.75B,12.70B,11.17B,$1.67,10.91B,42.79B,-31.88B,19.30B,4.64B,9.84B,-988.00M,8.86B,1.98B
ctsh,16.65B,5.98B,2.11B,2.10B,1.39B,2.68B,2.12B,$2.57,2.72B,1.76B,966.00M,10.84B,3.31B,3.30B,-398.00M,2.90B,704.00M
cl,16.47B,10.02B,3.89B,3.48B,2.70B,4.19B,3.65B,$3.14,888.00M,7.60B,-6.71B,743.00M,-66.00M,3.72B,-410.00M,3.31B,787.00M
cmcsa,103.56B,103.56B,17.49B,13.90B,10.53B,31.59B,18.49B,$2.28,11.74B,108.93B,-97.19B,90.32B,-2.06B,24.74B,-13.59B,11.15B,3.36B
cma,2.38B,2.38B,591.00M,591.00M,474.00M,699.00M,591.00M,$6.14,15.77B,5.73B,10.04B,8.05B,n/a,928.00M,-79.00M,849.00M,117.00M
cag,11.73B,3.38B,1.89B,1.52B,1.19B,2.35B,1.97B,$2.43,80.70M,9.23B,-9.15B,8.25B,-663.20M,2.01B,-494.50M,1.51B,328.80M
cop,19.26B,6.08B,-2.15B,-3.19B,-2.70B,3.14B,-2.38B,-$2.51,7.86B,15.37B,-7.51B,29.85B,6.70B,4.80B,-4.72B,87.00M,-485.00M
ed,12.25B,7.15B,2.65B,1.19B,1.10B,4.13B,2.21B,$3.28,1.44B,25.08B,-23.64B,18.85B,-2.05B,2.20B,-3.91B,-1.71B,90.00M
stz,8.61B,4.47B,2.78B,2.51B,2.00B,3.27B,2.89B,$10.33,460.60M,10.44B,-9.98B,13.60B,1.78B,2.81B,-845.70M,1.96B,511.10M
coo,2.47B,1.56B,334.10M,308.60M,2.25B,664.70M,340.20M,$45.38,119.10M,2.10B,-1.98B,5.99B,336.10M,504.60M,-297.30M,207.30M,-1.94B
cprt,2.29B,1.10B,907.63M,892.95M,706.75M,1.03B,913.54M,$2.95,616.40M,511.81M,104.59M,2.94B,854.45M,954.01M,-473.88M,480.13M,186.21M
glw,11.30B,3.53B,449.00M,623.00M,512.00M,2.42B,899.00M,$0.54,2.67B,7.97B,-5.30B,13.26B,4.24B,2.18B,-1.34B,840.00M,111.00M
ctva,14.22B,5.71B,508.00M,600.00M,681.00M,1.82B,645.00M,-$1.28,3.80B,1.11B,2.69B,24.82B,6.22B,2.06B,-475.00M,1.59B,-81.00M
cost,178.63B,23.44B,5.88B,5.71B,4.34B,7.82B,5.87B,$9.78,9.25B,10.27B,-1.01B,15.65B,-256.00M,8.83B,-3.02B,5.81B,1.36B
cci,5.84B,3.87B,1.86B,1.08B,1.06B,3.37B,1.77B,$2.24,376.00M,25.42B,-25.04B,9.46B,-865.00M,3.06B,-1.62B,1.43B,20.00M
csx,10.54B,4.29B,4.29B,3.55B,2.70B,5.69B,4.30B,$3.53,2.96B,16.80B,-13.84B,13.16B,2.51B,4.32B,-1.53B,2.79B,850.00M
cmi,19.81B,4.89B,1.99B,2.32B,1.79B,3.09B,2.42B,$12.01,3.86B,4.16B,-302.00M,8.06B,5.56B,2.72B,-575.00M,2.15B,527.00M
cvs,268.71B,49.05B,13.91B,9.75B,7.18B,17.10B,12.66B,$5.46,10.85B,85.04B,-74.19B,69.39B,-5.65B,15.87B,-2.44B,13.43B,2.57B
dhi,24.17B,6.35B,4.03B,4.04B,3.18B,4.12B,4.04B,$8.63,2.23B,4.47B,-2.24B,12.96B,n/a,1.66B,-298.80M,1.36B,859.50M
dhr,24.80B,14.29B,5.53B,5.87B,4.75B,8.13B,6.15B,$6.37,6.33B,20.28B,-13.95B,40.42B,7.19B,7.26B,-896.00M,6.36B,1.11B
dri,6.19B,964.60M,-266.80M,-342.70M,-219.20M,79.80M,-276.40M,-$1.70,993.90M,5.09B,-4.09B,2.58B,-346.10M,538.90M,-255.80M,283.10M,-123.50M
dva,11.55B,3.56B,1.67B,1.09B,773.64M,2.02B,1.39B,$6.31,521.89M,11.19B,-10.67B,1.38B,672.58M,1.98B,-674.54M,1.30B,313.93M
de,37.02B,12.62B,6.02B,4.80B,3.46B,8.10B,5.98B,$10.93,6.96B,45.97B,-39.00B,14.08B,n/a,8.13B,-499.00M,7.64B,1.34B
dal,12.65B,4.72B,-13.46B,-16.50B,-13.03B,-12.97B,-15.29B,-$20.51,14.04B,35.27B,-21.23B,482.00M,-2.84B,-3.46B,-1.40B,-4.86B,-3.47B
xray,3.34B,1.66B,-12.00M,-60.00M,-83.00M,322.00M,-12.00M,-$0.38,438.00M,2.41B,-1.97B,4.97B,474.00M,635.00M,-86.00M,549.00M,23.00M
dvn,4.83B,1.69B,-2.85B,-3.23B,-2.68B,-2.96B,-2.96B,-$7.12,2.24B,4.54B,-2.31B,2.89B,1.82B,"1,354","-1,127",227,-547.00M
dxcm,1.93B,1.28B,299.50M,225.00M,493.60M,376.80M,309.70M,$5.06,2.71B,1.79B,922.20M,1.83B,2.81B,475.60M,-199.00M,276.60M,-268.60M
fang,2.81B,1.95B,-5.48B,-5.62B,-4.52B,-4.12B,-5.42B,-$28.59,109.00M,6.12B,-6.01B,8.79B,-634.00M,2.12B,-2.04B,74.00M,-1.10B
dlr,3.90B,2.57B,557.53M,394.45M,356.40M,1.74B,727.47M,$1.00,108.50M,14.77B,-14.66B,17.72B,n/a,1.71B,-2.06B,-357.53M,38.05M
dfs,5.95B,5.95B,1.44B,1.40B,1.10B,1.88B,1.40B,$8.89,13.59B,21.24B,-7.65B,10.88B,n/a,6.20B,-261.00M,5.94B,294.00M
disca,10.67B,6.81B,2.52B,1.59B,1.22B,3.60B,2.24B,$1.42,2.09B,15.40B,-13.31B,10.46B,3.05B,2.74B,-402.00M,2.34B,373.00M
disck,10.67B,6.81B,2.52B,1.59B,1.22B,3.60B,2.24B,$1.42,2.09B,15.40B,-13.31B,10.46B,3.05B,2.74B,-402.00M,2.34B,373.00M
dish,15.49B,5.46B,2.58B,2.46B,1.76B,3.19B,2.47B,$3.02,3.73B,15.77B,-12.03B,13.78B,937.41M,3.31B,-413.30M,2.90B,698.28M
dg,33.75B,10.72B,3.55B,3.40B,2.66B,4.13B,3.55B,$10.62,1.38B,13.59B,-12.21B,6.66B,1.20B,3.88B,-1.02B,2.85B,749.33M
dltr,25.51B,7.79B,1.89B,1.74B,1.34B,2.57B,1.89B,$5.65,1.46B,9.64B,-8.18B,7.29B,1.32B,2.72B,-889.70M,1.83B,397.90M
d,14.17B,6.43B,2.06B,-318.00M,-401.00M,3.90B,1.06B,-$0.57,172.00M,37.01B,-36.84B,26.12B,-3.96B,5.23B,-6.33B,-1.10B,83.00M
dpz,4.12B,1.59B,1.19B,555.13M,491.30M,792.33M,727.30M,$12.39,386.27M,4.36B,-3.97B,-3.30B,398.57M,592.79M,-88.77M,504.03M,63.83M
dov,6.90B,2.58B,1.02B,917.48M,739.94M,1.31B,1.03B,$5.10,536.51M,3.06B,-2.53B,3.50B,1.04B,1.21B,-144.96M,1.06B,177.54M
dow,40.65B,5.48B,3.48B,2.93B,1.98B,6.61B,3.74B,$2.65,4.13B,18.73B,-14.59B,14.00B,7.81B,4.70B,-1.16B,3.53B,956.00M
dte,12.18B,3.87B,1.99B,1.54B,1.37B,3.70B,2.26B,$7.08,632.00M,19.65B,-19.02B,12.43B,807.00M,3.70B,-3.84B,-147.00M,167.00M
duk,23.87B,10.23B,5.54B,1.14B,1.38B,8.79B,3.30B,$1.72,259.00M,64.08B,-63.82B,47.96B,-7.62B,8.86B,-9.91B,-1.05B,-236.00M
dre,993.20M,709.29M,405.90M,294.80M,299.92M,685.40M,388.25M,$0.81,53.99M,3.39B,-3.33B,5.16B,n/a,566.44M,-910.47M,-344.04M,-5.11M
dd,20.40B,6.88B,-2.32B,-2.97B,-2.95B,887.00M,-2.21B,-$4.02,8.75B,21.81B,-13.06B,38.50B,6.18B,4.10B,-1.19B,2.90B,-23.00M
dxc,18.16B,3.86B,-3.89B,-2.12B,-2.85B,298.00M,-1.74B,-$11.21,3.92B,7.80B,-3.88B,5.66B,835.00M,692.00M,-280.00M,412.00M,728.00M
emn,8.47B,1.98B,749.00M,519.00M,478.00M,1.30B,729.00M,$3.50,564.00M,5.62B,-5.05B,6.02B,1.50B,1.46B,-383.00M,1.07B,41.00M
etn,17.86B,5.45B,1.82B,1.74B,1.41B,2.70B,1.89B,$3.49,1.10B,8.38B,-7.28B,14.93B,3.30B,2.94B,-389.00M,2.56B,331.00M
ebay,10.27B,7.80B,2.71B,6.55B,5.67B,7.15B,6.55B,$7.89,3.83B,8.14B,-4.32B,3.56B,3.19B,2.42B,-494.00M,1.93B,878.00M
ecl,11.79B,4.88B,1.40B,-1.03B,-1.21B,74.40M,-738.30M,-$4.15,1.26B,6.99B,-5.73B,6.17B,2.19B,1.86B,-483.70M,1.38B,176.60M
eix,13.58B,5.04B,1.22B,566.00M,871.00M,3.50B,1.47B,$1.98,55.00M,20.88B,-20.83B,16.71B,-4.81B,1.26B,-5.33B,-4.06B,-305.00M
ew,4.39B,3.31B,911.20M,916.70M,823.40M,1.07B,932.50M,$1.35,1.40B,694.90M,707.70M,4.57B,2.20B,1.05B,-407.00M,647.30M,93.30M
ea,5.67B,4.23B,1.27B,1.27B,1.18B,1.43B,1.27B,$4.05,6.71B,997.00M,5.71B,7.96B,4.23B,2.06B,-133.00M,1.93B,87.00M
emr,16.80B,6.97B,2.64B,2.45B,2.08B,3.49B,2.61B,$3.46,2.20B,7.61B,-5.41B,8.90B,1.31B,3.47B,-546.00M,2.92B,362.00M
enph,774.43M,345.98M,186.44M,119.41M,134.00M,158.51M,140.41M,$0.95,679.38M,330.87M,348.51M,483.99M,399.02M,216.33M,-20.56M,195.78M,-14.59M
etr,10.11B,3.81B,1.77B,1.29B,1.41B,4.33B,2.07B,$6.90,1.76B,24.00B,-22.24B,10.93B,-2.50B,2.69B,-5.16B,-2.47B,-121.51M
eog,11.03B,6.06B,-544.02M,-739.05M,-604.57M,2.87B,-533.79M,-$1.04,3.33B,6.11B,-2.78B,20.30B,2.40B,5.01B,-3.27B,1.74B,-134.48M
efx,4.38B,2.58B,847.30M,797.70M,609.10M,1.37B,945.80M,$4.93,765.90M,4.38B,-3.61B,3.32B,-676.70M,1.06B,-446.30M,612.50M,188.60M
eqix,6.00B,2.92B,1.05B,515.93M,369.78M,2.35B,922.39M,$4.18,1.61B,13.92B,-12.31B,10.63B,584.41M,2.31B,-2.48B,-172.86M,146.15M
eqr,2.57B,1.66B,786.18M,914.49M,913.64M,2.11B,1.28B,$2.45,99.73M,8.37B,-8.27B,10.53B,n/a,1.27B,668.50M,1.93B,"852,000"
ess,1.50B,1.02B,491.44M,,568.87M,1.32B,789.50M,$8.69,84.04M,6.33B,-6.24B,6.00B,n/a,803.11M,-708.27M,94.84M,n/a
el,14.19B,10.68B,1.33B,1.17B,928.00M,1.98B,1.34B,$2.53,5.55B,8.08B,-2.54B,5.42B,4.87B,3.00B,-582.00M,2.42B,237.00M
etsy,1.73B,1.26B,424.01M,365.71M,349.25M,465.92M,407.73M,$2.69,1.67B,1.12B,558.74M,742.42M,1.44B,678.96M,-7.11M,671.85M,16.46M
evrg,4.91B,2.39B,1.14B,720.50M,618.30M,1.98B,1.10B,$2.72,144.90M,10.32B,-10.18B,8.73B,-731.50M,1.75B,-1.56B,193.50M,102.20M
es,8.90B,3.68B,1.99B,1.55B,1.21B,3.07B,2.09B,$3.55,106.60M,17.97B,-17.86B,14.06B,-1.78B,1.68B,-2.94B,-1.26B,346.19M
re,9.60B,1.17B,621.67M,585.35M,514.15M,621.67M,621.67M,$12.78,801.65M,1.91B,-1.11B,9.73B,n/a,2.87B,n/a,2.87B,71.20M
exc,33.04B,7.81B,2.82B,2.34B,1.96B,10.50B,3.97B,$2.01,1.75B,39.33B,-37.59B,32.59B,-209.00M,4.24B,-8.05B,-3.81B,373.00M
expe,5.20B,3.52B,-2.72B,-3.04B,-2.61B,-1.61B,-2.68B,-$19.00,4.16B,8.73B,-4.57B,1.51B,228.00M,-3.83B,-797.00M,-4.63B,-423.00M
expd,10.12B,2.93B,940.44M,954.49M,696.14M,1.01B,954.49M,$4.07,1.53B,438.19M,1.09B,2.66B,2.07B,655.01M,-47.54M,607.47M,258.35M
exr,1.36B,969.10M,666.14M,495.59M,481.78M,889.83M,664.22M,$3.71,128.01M,6.01B,-5.88B,2.55B,n/a,771.23M,-350.52M,420.72M,13.81M
xom,181.50B,61.37B,-27.73B,-28.07B,-22.44B,19.10B,-26.91B,-$5.25,4.36B,67.64B,-63.28B,157.15B,-11.47B,14.67B,-17.28B,-2.61B,-5.63B
ffiv,2.41B,1.97B,387.68M,385.91M,296.59M,530.58M,385.91M,$4.81,1.37B,711.97M,661.37M,2.40B,710.56M,654.25M,-42.33M,611.92M,89.32M
fb,85.97B,69.27B,32.67B,33.18B,29.15B,40.04B,33.18B,$10.09,61.95B,10.65B,51.30B,128.29B,60.69B,38.75B,-15.12B,23.63B,4.03B
fast,5.70B,2.57B,1.15B,1.14B,867.10M,1.32B,1.15B,$1.51,333.90M,657.00M,-323.10M,2.79B,1.95B,1.14B,-140.80M,994.70M,274.30M
frt,835.49M,545.33M,289.52M,,131.71M,523.02M,268.00M,$1.62,798.33M,4.44B,-3.64B,2.46B,n/a,369.93M,-524.45M,-154.52M,n/a
fdx,78.75B,48.61B,4.54B,3.74B,3.03B,8.27B,4.53B,$11.36,8.86B,38.57B,-29.71B,21.98B,8.14B,9.21B,-5.37B,3.85B,713.00M
fis,12.55B,4.20B,552.00M,254.00M,158.00M,4.31B,593.00M,$0.25,1.96B,20.02B,-18.06B,49.30B,-2.46B,4.44B,-1.13B,3.31B,96.00M
fitb,6.52B,6.52B,1.80B,1.80B,1.43B,2.29B,1.80B,$2.72,3.15B,16.47B,-13.32B,23.11B,n/a,371.00M,-325.00M,46.00M,370.00M
fe,10.81B,4.40B,3.24B,2.67B,1.34B,5.11B,3.75B,$2.47,1.33B,24.19B,-22.87B,7.36B,-1.44B,2.52B,-2.65B,-129.00M,1.33B
frc,4.06B,n/a,n/a,,n/a,n/a,n/a,$6.40,n/a,n/a,n/a,n/a,n/a,n/a,n/a,n/a,n/a
fisv,14.85B,7.04B,1.85B,1.15B,958.00M,5.07B,1.86B,$1.40,906.00M,20.68B,-19.78B,32.33B,582.00M,4.15B,-900.00M,3.25B,196.00M
flt,2.39B,1.79B,982.32M,882.53M,704.22M,1.27B,1.01B,$8.12,2.18B,4.33B,-2.16B,3.36B,-11.99M,1.47B,-78.43M,1.39B,178.31M
flir,1.92B,947.01M,317.24M,285.00M,212.58M,406.98M,312.24M,$1.60,297.80M,738.39M,-440.60M,1.88B,790.10M,312.36M,-57.15M,255.21M,72.42M
fmc,4.64B,2.05B,902.20M,702.40M,551.50M,1.02B,853.70M,$4.22,568.90M,3.41B,-2.84B,2.96B,1.55B,647.80M,-114.40M,533.40M,150.90M
f,127.14B,5.79B,-4.41B,-1.12B,-1.28B,9.28B,530.00M,-$0.32,92.36B,161.68B,-69.32B,30.69B,19.55B,24.27B,-5.74B,18.53B,160.00M
ftnt,2.59B,2.02B,531.80M,541.70M,488.50M,610.50M,541.70M,$2.91,1.84B,n/a,1.84B,856.00M,910.90M,1.08B,-125.90M,957.80M,53.20M
ftv,4.63B,2.61B,539.40M,1.67B,1.61B,2.20B,1.82B,$4.49,2.94B,4.43B,-1.49B,8.96B,1.59B,1.44B,-70.40M,1.37B,55.50M
fbhs,6.09B,2.16B,801.40M,721.90M,553.10M,1.01B,805.80M,$3.94,419.10M,2.71B,-2.29B,2.78B,863.40M,825.70M,-150.50M,675.20M,168.80M
foxa,12.66B,4.90B,2.35B,2.08B,1.53B,2.75B,2.46B,$2.53,4.50B,7.95B,-3.45B,10.92B,n/a,2.86B,-491.00M,2.37B,546.00M
fox,12.66B,4.90B,2.35B,2.08B,1.53B,2.75B,2.46B,$2.53,4.50B,7.95B,-3.45B,10.92B,n/a,2.86B,-491.00M,2.37B,546.00M
ben,6.15B,6.15B,1.07B,1.07B,793.70M,1.39B,1.13B,$1.56,4.42B,5.74B,-1.32B,10.40B,n/a,1.28B,-91.60M,1.19B,275.80M
fcx,14.20B,2.54B,2.44B,1.54B,599.00M,3.67B,2.14B,$1.22,3.66B,9.71B,-6.05B,10.17B,5.89B,3.02B,-1.35B,1.67B,944.00M
gps,13.80B,4.71B,-862.00M,-1.10B,-665.00M,-403.00M,-910.00M,-$1.78,2.40B,7.66B,-5.27B,2.61B,2.12B,237.00M,-392.00M,-155.00M,-437.00M
grmn,4.19B,2.48B,1.05B,1.10B,992.32M,1.23B,1.10B,$5.17,1.85B,75.96M,1.77B,5.52B,2.51B,1.14B,-183.42M,951.84M,111.09M
it,4.10B,2.75B,490.15M,326.13M,266.75M,742.60M,441.77M,$2.96,712.58M,2.76B,-2.05B,1.09B,-624.44M,903.28M,-83.89M,819.39M,59.39M
gnrc,2.49B,957.65M,479.11M,449.55M,350.58M,551.31M,482.54M,$5.48,655.13M,1.07B,-410.02M,1.39B,1.03B,486.53M,-61.95M,424.58M,98.97M
gd,37.93B,6.33B,4.13B,3.74B,3.17B,4.74B,4.22B,$11.00,2.82B,13.00B,-10.17B,15.66B,5.58B,3.86B,-796.00M,3.06B,571.00M
ge,79.62B,19.20B,-486.00M,5.23B,5.70B,14.52B,8.50B,$0.58,43.95B,75.07B,-31.12B,35.55B,32.34B,3.60B,-1.76B,1.84B,-474.00M
gis,18.63B,6.63B,3.43B,3.21B,2.55B,4.24B,3.65B,$4.12,2.75B,13.85B,-11.10B,8.89B,-2.98B,3.72B,-535.20M,3.19B,661.80M
gm,122.49B,13.67B,6.63B,8.20B,6.43B,22.11B,9.30B,$4.33,29.04B,109.89B,-80.86B,45.03B,1.01B,16.67B,-5.30B,11.37B,1.77B
gpc,16.91B,5.81B,514.66M,297.95M,52.07M,664.45M,389.76M,$0.37,1.12B,3.41B,-2.29B,3.32B,1.34B,2.25B,-124.88M,2.12B,245.88M
gild,24.69B,20.12B,4.07B,1.70B,123.00M,4.17B,2.69B,$0.10,7.41B,31.40B,-23.99B,18.20B,4.60B,8.17B,-650.00M,7.52B,1.58B
gl,4.74B,2.17B,983.39M,896.68M,731.77M,983.39M,983.39M,$6.83,94.85M,1.92B,-1.83B,8.77B,n/a,1.48B,-41.76M,1.43B,164.91M
gs,44.56B,44.56B,15.58B,12.48B,9.46B,14.38B,12.48B,$40.26,155.84B,594.03B,-438.18B,95.93B,n/a,-13.73B,-3.34B,-17.07B,3.02B
gww,11.80B,4.24B,1.02B,887.00M,695.00M,1.16B,980.00M,$12.82,585.00M,2.40B,-1.81B,1.83B,2.48B,1.12B,-197.00M,926.00M,192.00M
hal,14.45B,1.55B,-2.44B,-3.22B,-2.95B,-1.66B,-2.72B,-$1.99,2.56B,10.84B,-8.27B,4.97B,5.05B,1.88B,-442.00M,1.44B,-278.00M
hbi,6.66B,1.85B,6.50M,-183.12M,-75.58M,91.10M,-16.63M,-$0.21,909.44M,4.51B,-3.60B,813.96M,1.31B,448.47M,-53.06M,395.41M,-107.54M
hig,20.52B,8.72B,2.36B,2.12B,1.74B,2.92B,2.36B,$4.69,239.00M,4.35B,-4.11B,18.56B,n/a,3.87B,-114.00M,3.76B,383.00M
has,5.47B,3.75B,501.81M,319.14M,222.52M,1.17B,520.27M,$1.62,1.45B,5.10B,-3.65B,2.94B,1.44B,976.34M,-125.75M,850.59M,96.62M
hca,51.53B,19.29B,7.26B,4.80B,3.75B,9.10B,6.38B,$13.38,1.79B,32.68B,-30.88B,572.00M,3.63B,9.23B,-2.84B,6.40B,1.04B
peak,1.64B,862.33M,153.90M,404.14M,413.56M,1.32B,622.48M,$0.77,111.43M,6.48B,-6.37B,6.79B,n/a,758.43M,-751.96M,6.47M,-9.42M
hsic,10.12B,2.81B,535.30M,499.17M,403.79M,726.08M,540.55M,$2.82,421.19M,1.00B,-581.23M,3.35B,1.51B,598.91M,-48.83M,550.08M,95.37M
hsy,8.15B,3.70B,1.78B,1.50B,1.28B,1.94B,1.65B,$6.11,1.14B,4.60B,-3.46B,2.23B,1.09B,1.70B,-440.52M,1.26B,219.58M
hes,4.80B,2.53B,-2.38B,-3.10B,-3.09B,-562.00M,-2.64B,-$10.15,1.74B,9.08B,-7.34B,5.37B,1.46B,1.33B,-2.20B,-864.00M,-11.00M
hpe,26.87B,8.73B,-198.00M,-615.00M,-432.00M,2.49B,-118.00M,-$0.33,4.17B,15.69B,-11.53B,16.21B,-1.86B,3.28B,-1.97B,1.31B,-183.00M
hlt,4.31B,3.69B,-418.00M,-919.00M,-715.00M,-159.00M,-490.00M,-$2.58,3.26B,11.46B,-8.20B,-1.49B,1.77B,708.00M,-92.00M,616.00M,-204.00M
hfc,11.18B,1.95B,-733.74M,-833.60M,-601.45M,-186.16M,-707.07M,-$3.72,1.37B,3.53B,-2.16B,5.17B,1.94B,457.93M,-330.16M,127.77M,-232.15M
holx,4.54B,2.97B,1.87B,1.74B,1.38B,2.23B,1.85B,$5.27,868.70M,2.78B,-1.91B,3.27B,1.54B,1.43B,-169.70M,1.26B,358.60M
hd,132.11B,44.85B,18.28B,16.98B,12.87B,20.80B,18.28B,$11.94,7.90B,43.42B,-35.53B,3.30B,5.31B,18.84B,-2.46B,16.38B,4.11B
hon,32.63B,10.28B,5.51B,5.86B,4.63B,7.33B,6.23B,$6.53,12.66B,21.33B,-8.67B,17.99B,7.64B,6.25B,-924.00M,5.32B,1.23B
hrl,9.69B,1.81B,1.05B,1.10B,887.49M,1.33B,1.13B,$1.62,1.77B,1.30B,467.32M,6.55B,2.18B,1.15B,-347.39M,797.90M,213.87M
hst,1.62B,-160.00M,-953.00M,-952.00M,-732.00M,-93.00M,-758.00M,-$1.04,2.34B,6.15B,-3.82B,6.32B,n/a,-307.00M,-156.00M,-463.00M,-220.00M
hwm,5.26B,1.38B,626.00M,221.00M,261.00M,940.00M,602.00M,$0.59,1.61B,5.08B,-3.47B,3.58B,2.01B,9.00M,-267.00M,-258.00M,-40.00M
hpq,57.67B,10.89B,3.92B,3.65B,3.23B,4.71B,3.92B,$2.35,4.16B,6.18B,-2.02B,-3.24B,-7.44B,4.05B,-510.00M,3.54B,415.00M
hum,77.16B,15.53B,4.99B,4.67B,3.37B,5.57B,4.96B,$25.31,17.23B,6.98B,10.25B,13.73B,10.25B,5.64B,-964.00M,4.68B,1.31B
hban,3.77B,3.77B,972.00M,972.00M,817.00M,1.34B,972.00M,$1.14,6.71B,8.54B,-1.82B,12.99B,n/a,1.32B,-119.00M,1.20B,155.00M
hii,9.36B,1.67B,798.00M,810.00M,696.00M,1.17B,924.00M,$17.14,512.00M,1.84B,-1.33B,1.90B,218.00M,1.09B,-336.00M,757.00M,114.00M
iex,2.35B,1.03B,520.71M,470.34M,377.78M,598.58M,515.09M,$4.94,1.03B,1.04B,-18.59M,2.54B,1.26B,569.27M,-49.26M,520.02M,92.56M
idxx,2.71B,1.57B,694.52M,661.63M,581.78M,790.75M,694.76M,$6.71,383.93M,985.52M,-601.59M,632.09M,479.98M,648.06M,-106.96M,541.11M,79.85M
info,4.33B,2.74B,802.90M,574.30M,535.00M,1.40B,805.20M,$1.33,172.00M,5.48B,-5.30B,8.69B,-110.80M,1.26B,-259.00M,1.00B,39.30M
itw,12.57B,5.20B,2.88B,2.70B,2.11B,3.34B,2.91B,$6.63,2.56B,8.12B,-5.56B,3.18B,3.93B,2.81B,-226.00M,2.58B,595.00M
ilmn,3.24B,2.20B,580.00M,856.00M,656.00M,1.09B,905.00M,$4.45,3.47B,1.86B,1.62B,4.69B,3.24B,1.08B,-189.00M,891.00M,200.00M
incy,2.67B,2.54B,-240.29M,-232.22M,-295.70M,-178.24M,-230.04M,-$1.36,1.80B,34.86M,1.77B,2.61B,1.73B,-124.60M,-187.38M,-311.98M,63.48M
ir,4.91B,1.61B,85.70M,-20.30M,-33.30M,591.70M,90.80M,-$0.09,1.75B,3.90B,-2.15B,9.12B,2.36B,914.30M,-46.90M,867.40M,13.00M
intc,77.71B,42.45B,20.33B,22.37B,18.60B,34.81B,22.72B,$4.46,22.40B,35.88B,-13.49B,79.81B,21.62B,34.77B,-15.57B,19.20B,3.77B
ice,8.24B,6.04B,3.03B,2.75B,2.09B,3.86B,3.10B,$3.77,1.99B,16.86B,-14.87B,19.50B,-780.00M,2.88B,-410.00M,2.47B,658.00M
ibm,73.62B,35.57B,5.92B,4.73B,5.59B,12.71B,6.01B,$5.98,14.28B,66.47B,-52.19B,20.60B,-704.00M,18.20B,-3.04B,15.16B,-864.00M
ip,20.58B,6.21B,1.48B,727.00M,482.00M,2.46B,1.17B,$1.22,5.45B,14.72B,-9.28B,7.85B,2.95B,3.06B,-743.00M,2.32B,245.00M
ipg,9.06B,1.35B,588.40M,359.10M,351.10M,841.90M,551.30M,$0.89,2.51B,5.18B,-2.67B,2.90B,-212.90M,1.85B,-167.50M,1.68B,8.00M
iff,5.08B,2.09B,566.48M,437.23M,363.23M,894.39M,569.03M,$3.21,656.84M,4.41B,-3.76B,6.31B,1.16B,714.10M,-174.61M,539.49M,74.00M
intu,7.72B,6.38B,2.08B,2.13B,1.75B,2.45B,2.15B,$6.55,2.74B,2.75B,-11.00M,8.87B,1.42B,2.55B,-140.00M,2.41B,379.00M
isrg,4.55B,3.03B,1.18B,1.34B,1.17B,1.64B,1.34B,$9.72,4.56B,n/a,4.56B,10.15B,5.16B,1.61B,-294.90M,1.31B,161.90M
ivz,6.15B,6.15B,920.40M,786.40M,524.80M,1.12B,915.70M,$1.13,1.71B,8.80B,-7.09B,14.36B,n/a,1.23B,-115.00M,1.12B,261.60M
ipgp,1.20B,539.00M,185.74M,204.93M,159.57M,299.48M,204.93M,$2.97,1.39B,37.97M,1.35B,2.59B,1.93B,285.34M,-86.81M,198.53M,45.35M
iqv,12.01B,4.05B,880.00M,508.00M,409.00M,2.21B,917.00M,$2.10,2.40B,12.58B,-10.18B,5.95B,711.00M,2.66B,-624.00M,2.04B,99.00M
irm,4.15B,2.39B,934.79M,372.30M,342.69M,1.46B,790.84M,$1.19,205.06M,10.75B,-10.54B,1.14B,-725.91M,987.66M,126.40M,1.11B,29.61M
jkhy,1.71B,679.99M,379.96M,379.75M,298.40M,555.74M,380.36M,$3.89,147.76M,"266,000",147.50M,1.55B,167.51M,489.50M,-143.70M,345.80M,81.35M
j,13.59B,2.57B,598.57M,565.73M,491.88M,814.22M,630.44M,$3.77,1.38B,2.70B,-1.32B,6.10B,1.90B,1.06B,-112.68M,943.97M,73.85M
jbht,9.64B,3.94B,713.12M,666.03M,506.04M,1.29B,713.61M,$5.13,313.30M,1.31B,-992.12M,2.60B,757.31M,1.12B,-600.77M,522.09M,159.99M
sjm,8.17B,3.19B,1.49B,1.28B,955.60M,1.91B,1.46B,$8.41,501.50M,5.00B,-4.49B,8.21B,-453.70M,1.56B,-272.70M,1.29B,321.40M
jnj,82.58B,54.16B,19.49B,16.50B,14.71B,23.93B,16.70B,$5.66,25.19B,35.27B,-10.08B,63.28B,8.74B,23.54B,-3.35B,20.19B,1.78B
jci,22.08B,7.34B,1.13B,1.03B,923.00M,2.09B,1.27B,$1.24,1.84B,7.93B,-6.09B,17.66B,1.55B,2.38B,-248.00M,2.13B,104.00M
jpm,119.54B,119.54B,52.89B,33.69B,27.41B,42.30B,33.69B,$12.61,527.61B,542.10B,-14.49B,279.35B,n/a,-79.91B,n/a,-79.91B,6.28B
jnpr,4.45B,2.57B,353.10M,265.20M,257.80M,477.60M,265.20M,$0.77,1.77B,2.29B,-516.80M,4.54B,1.11B,612.00M,-100.40M,511.60M,7.40M
ksu,2.61B,1.84B,967.20M,835.60M,618.20M,1.35B,991.30M,$6.64,259.90M,3.82B,-3.56B,4.25B,240.60M,1.02B,-408.00M,615.00M,217.40M
k,13.77B,4.73B,1.76B,1.57B,1.25B,2.33B,1.86B,$3.63,435.00M,8.11B,-7.68B,3.11B,-1.76B,1.99B,-505.00M,1.48B,323.00M
key,5.67B,5.67B,1.56B,1.57B,1.34B,1.68B,1.57B,$1.77,1.09B,14.69B,-13.60B,17.98B,n/a,1.67B,-63.00M,1.61B,227.00M
keys,4.31B,2.59B,774.00M,754.00M,636.00M,1.17B,833.00M,$3.37,1.89B,2.02B,-129.00M,3.54B,2.44B,1.11B,-113.00M,1.00B,118.00M
kmb,18.87B,6.62B,3.11B,2.90B,2.28B,3.93B,3.16B,$6.67,320.00M,8.82B,-8.50B,518.00M,-1.55B,3.35B,-1.13B,2.21B,626.00M
kim,1.06B,714.92M,332.61M,1.00B,1.00B,1.48B,1.19B,$2.25,293.19M,5.45B,-5.16B,5.61B,n/a,589.91M,-225.74M,364.18M,"978,000"
kmi,13.81B,7.15B,3.40B,2.61B,1.83B,6.28B,4.14B,$0.80,1.38B,33.23B,-31.86B,32.19B,-884.00M,5.53B,-465.00M,5.07B,772.00M
klac,6.07B,3.57B,1.71B,1.53B,1.37B,2.02B,1.69B,$8.74,2.30B,3.46B,-1.16B,2.94B,3.20B,1.97B,-198.45M,1.77B,166.03M
khc,26.19B,9.18B,2.13B,1.03B,356.00M,3.39B,2.42B,$0.29,3.42B,28.31B,-24.89B,50.10B,2.76B,4.93B,-596.00M,4.33B,669.00M
kr,132.50B,30.90B,2.78B,3.37B,2.59B,7.28B,3.91B,$3.27,1.69B,20.59B,-18.90B,9.58B,-2.86B,6.82B,-2.70B,4.12B,782.00M
lb,11.85B,4.67B,1.58B,1.09B,844.00M,2.05B,1.53B,$3.00,3.90B,9.46B,-5.55B,-662.00M,2.75B,2.04B,-228.00M,1.81B,248.00M
lhx,18.19B,5.31B,1.18B,1.35B,1.12B,2.66B,1.62B,$7.35,1.28B,7.65B,-6.38B,20.72B,2.43B,2.79B,-277.00M,2.51B,234.00M
lh,13.98B,4.95B,2.45B,2.22B,1.56B,3.25B,2.43B,$15.88,1.32B,6.76B,-5.44B,9.36B,2.05B,2.14B,-381.70M,1.75B,662.10M
lrcx,11.93B,5.56B,3.42B,3.28B,2.96B,3.57B,3.28B,$23.65,6.30B,5.83B,469.70M,5.50B,7.88B,2.34B,-256.81M,2.08B,315.59M
lw,3.51B,745.10M,406.80M,324.10M,250.70M,632.70M,442.90M,$1.71,714.30M,2.74B,-2.03B,451.70M,1.17B,513.10M,-132.00M,381.10M,73.40M
lvs,3.03B,701.00M,-1.84B,-2.01B,-1.96B,-327.00M,-1.45B,-$2.58,2.09B,14.45B,-12.36B,2.67B,3.17B,-1.14B,-1.30B,-2.43B,-49.00M
leg,4.28B,894.50M,400.50M,320.80M,247.60M,592.90M,403.50M,$1.82,348.90M,2.06B,-1.72B,1.39B,606.10M,602.60M,-66.20M,536.40M,73.20M
ldos,12.30B,1.74B,984.00M,780.00M,628.00M,1.24B,959.00M,$4.36,524.00M,5.31B,-4.78B,3.86B,432.00M,1.33B,-171.00M,1.16B,152.00M
len,23.31B,3.93B,3.54B,4.00B,3.07B,4.10B,4.00B,$9.78,2.44B,5.98B,-3.54B,18.90B,n/a,4.19B,-11.22M,4.18B,934.01M
lly,24.54B,19.06B,7.23B,7.23B,6.19B,8.55B,7.23B,$6.79,3.68B,16.60B,-12.91B,5.64B,4.98B,6.50B,-1.39B,5.11B,1.04B
lnc,17.44B,775.00M,707.00M,423.00M,499.00M,707.00M,707.00M,$2.56,1.71B,6.68B,-4.97B,22.70B,n/a,534.00M,n/a,534.00M,-76.00M
lin,27.24B,11.86B,3.38B,3.35B,2.50B,8.09B,3.46B,$4.71,3.75B,16.15B,-12.40B,47.32B,-2.82B,7.43B,-3.40B,4.03B,847.00M
lyv,1.86B,458.78M,-1.64B,-1.75B,-1.72B,-1.04B,-1.53B,-$8.12,2.55B,6.46B,-3.91B,-471.77M,-146.80M,-1.08B,-213.75M,-1.30B,-28.88M
lkq,11.63B,4.59B,985.58M,887.92M,638.42M,1.29B,991.71M,$2.09,312.15M,4.29B,-3.98B,5.66B,2.05B,1.44B,-155.95M,1.29B,249.50M
lmt,66.01B,8.75B,8.75B,8.36B,6.95B,10.27B,8.94B,$24.78,2.93B,12.16B,-9.23B,6.31B,5.54B,7.62B,-1.75B,5.86B,1.41B
l,12.58B,3.84B,-949.00M,-1.10B,-931.00M,145.00M,-589.00M,-$3.32,478.00M,10.11B,-9.63B,17.86B,n/a,1.75B,-710.00M,1.04B,-173.00M
low,89.60B,29.57B,9.65B,7.74B,5.84B,10.66B,8.59B,$7.75,5.20B,26.21B,-21.02B,1.44B,3.60B,11.05B,-1.70B,9.35B,1.90B
lumn,20.71B,11.78B,962.00M,-782.00M,-1.23B,5.60B,886.00M,$1.12,406.00M,32.22B,-31.81B,11.16B,-3.46B,6.52B,-3.58B,2.95B,450.00M
lyb,27.75B,3.39B,1.56B,1.38B,1.43B,3.30B,1.91B,$4.24,2.47B,17.18B,-14.71B,7.97B,6.13B,3.40B,-1.95B,1.46B,-43.00M
mtb,5.15B,5.15B,2.10B,1.70B,1.28B,2.02B,1.70B,$11.35,25.22B,4.44B,20.77B,16.19B,n/a,789.19M,-172.29M,616.90M,416.37M
mro,3.09B,1.94B,-1.18B,-1.47B,-1.45B,1.11B,-1.21B,-$1.83,742.00M,5.40B,-4.66B,10.56B,399.00M,1.47B,-1.34B,130.00M,-14.00M
mpc,69.03B,3.30B,-12.25B,-12.26B,-9.83B,-7.52B,-10.89B,-$15.14,415.00M,33.10B,-32.68B,22.20B,12.62B,2.42B,-2.64B,-218.00M,-2.43B
mktx,689.13M,689.13M,374.73M,374.36M,299.38M,418.34M,375.50M,$8.00,510.92M,93.61M,417.31M,955.06M,n/a,404.49M,-45.63M,358.86M,74.98M
mar,10.57B,1.46B,84.00M,-466.00M,-267.00M,457.00M,-21.00M,-$0.82,877.00M,11.20B,-10.32B,430.00M,-2.93B,1.64B,-135.00M,1.50B,-199.00M
mmc,17.22B,17.22B,3.07B,2.76B,2.02B,4.37B,3.28B,$3.94,2.09B,13.58B,-11.49B,9.10B,1.60B,3.38B,-342.00M,3.04B,747.00M
mlm,4.73B,1.25B,1.01B,889.20M,721.00M,1.40B,1.01B,$11.54,304.40M,3.08B,-2.78B,5.89B,1.17B,1.05B,-359.70M,690.40M,168.20M
mas,7.19B,2.59B,1.30B,1.49B,1.22B,1.77B,1.64B,$4.60,1.33B,2.94B,-1.62B,195.00M,1.56B,953.00M,-113.00M,840.00M,269.00M
ma,15.30B,15.30B,8.08B,7.76B,6.41B,8.72B,8.14B,$6.37,12.29B,12.67B,-380.00M,6.39B,7.27B,7.22B,-708.00M,6.52B,1.35B
mkc,5.87B,2.41B,1.04B,924.20M,720.80M,1.23B,1.06B,$2.84,256.10M,5.60B,-5.34B,4.15B,-469.00M,964.30M,-235.40M,728.90M,203.40M
mxim,2.35B,1.56B,776.43M,756.08M,721.95M,864.95M,756.08M,$2.68,1.81B,994.74M,811.10M,1.93B,2.13B,795.13M,-61.67M,733.46M,34.14M
mcd,19.21B,10.02B,7.32B,6.14B,4.73B,9.11B,7.36B,$6.31,3.45B,51.46B,-48.01B,-7.82B,62.00M,6.27B,-1.61B,4.65B,1.41B
mck,237.62B,12.19B,-5.18B,-5.07B,-4.18B,-3.59B,-4.84B,-$25.42,3.58B,9.53B,-5.95B,-477.00M,438.00M,5.83B,-595.00M,5.23B,-882.00M
mdt,27.93B,17.83B,3.20B,2.52B,2.89B,6.16B,3.47B,$2.26,14.64B,30.32B,-15.68B,50.76B,13.81B,5.95B,-1.31B,4.63B,-369.00M
mrk,47.99B,32.51B,7.91B,8.78B,7.07B,12.40B,8.78B,$2.78,8.06B,31.79B,-23.73B,25.32B,437.00M,10.25B,-4.68B,5.57B,1.71B
met,67.84B,20.08B,6.93B,6.92B,5.41B,7.54B,6.92B,$5.68,19.80B,18.99B,801.00M,74.56B,n/a,11.64B,n/a,11.64B,1.51B
mtd,3.09B,1.80B,773.53M,748.74M,602.74M,886.07M,787.36M,$24.91,94.25M,1.33B,-1.24B,282.68M,216.58M,724.70M,-89.39M,635.31M,146.00M
mgm,5.16B,1.71B,-685.37M,-1.22B,-1.03B,846.04M,-547.92M,-$2.02,5.10B,20.91B,-15.80B,6.50B,4.09B,-1.49B,-264.44M,-1.76B,-191.57M
mchp,6.65B,4.11B,1.10B,257.70M,369.50M,1.91B,738.50M,$1.26,372.70M,9.14B,-8.77B,5.30B,-369.70M,1.84B,-46.20M,1.79B,-111.80M
mu,23.50B,7.22B,3.57B,3.50B,3.20B,9.72B,3.69B,$2.81,7.18B,7.15B,35.00M,40.66B,11.85B,9.32B,-9.98B,-662.00M,303.00M
msft,153.28B,104.77B,60.16B,60.73B,51.31B,72.75B,60.73B,$6.71,131.97B,69.40B,62.57B,130.24B,106.49B,68.03B,-17.59B,50.44B,9.42B
maa,1.68B,526.67M,427.51M,258.29M,254.96M,937.53M,425.85M,$2.20,35.62M,4.56B,-4.53B,5.87B,n/a,823.95M,-483.91M,340.04M,3.33M
mhk,9.55B,2.43B,636.00M,584.24M,515.60M,1.24B,636.62M,$49.90,1.34B,3.07B,-1.73B,8.53B,2.99B,1.77B,-425.56M,1.34B,68.65M
tap,9.65B,3.77B,-408.90M,-647.20M,-949.00M,549.40M,-372.60M,-$4.38,770.10M,8.23B,-7.46B,12.37B,-1.49B,1.70B,-416.00M,1.28B,301.80M
mdlz,26.58B,10.45B,3.85B,4.78B,3.56B,6.50B,5.39B,$2.47,3.62B,20.52B,-16.90B,27.58B,-5.18B,3.96B,-853.00M,3.11B,1.22B
mpwr,844.45M,465.95M,158.88M,169.34M,164.38M,188.53M,169.34M,$3.50,595.11M,n/a,595.11M,966.59M,695.03M,267.80M,-55.61M,212.19M,4.97M
mnst,4.60B,2.72B,1.63B,1.63B,1.41B,1.69B,1.63B,$2.64,2.06B,n/a,2.06B,5.16B,2.39B,1.36B,-66.28M,1.30B,216.56M
mco,5.37B,5.37B,2.39B,2.23B,1.78B,2.66B,2.44B,$9.39,2.70B,6.94B,-4.25B,1.57B,2.29B,2.15B,-103.00M,2.04B,452.00M
ms,48.20B,48.20B,14.42B,14.24B,11.00B,18.00B,14.24B,$7.65,105.65B,232.94B,-127.29B,101.78B,n/a,-25.23B,-1.44B,-26.68B,3.24B
mos,8.68B,1.06B,412.90M,87.60M,666.10M,1.12B,268.20M,$1.75,574.00M,4.58B,-4.00B,9.58B,374.70M,1.58B,-1.17B,412.00M,-578.50M
msi,7.41B,3.61B,1.38B,1.17B,949.00M,1.80B,1.39B,$5.45,1.25B,5.58B,-4.32B,-558.00M,838.00M,1.61B,-161.00M,1.45B,221.00M
msci,1.70B,1.40B,884.76M,686.23M,601.82M,953.34M,842.55M,$7.12,1.30B,3.52B,-2.22B,-443.23M,903.83M,811.11M,-50.98M,760.13M,84.40M
ndaq,5.63B,2.90B,1.23B,1.21B,933.00M,1.52B,1.31B,$6.15,2.98B,5.93B,-2.95B,6.43B,2.74B,1.25B,-188.00M,1.06B,279.00M
ntap,5.59B,3.72B,853.00M,776.00M,592.00M,1.03B,776.00M,$2.64,3.89B,2.63B,1.26B,478.00M,2.06B,1.16B,-142.00M,1.02B,184.00M
nflx,26.39B,10.85B,5.59B,4.44B,3.76B,16.38B,5.22B,$8.26,8.40B,15.56B,-7.16B,12.88B,2.15B,2.94B,-480.91M,2.46B,678.94M
nwl,9.39B,3.08B,-634.00M,-1.01B,-770.00M,-375.00M,-732.00M,-$1.82,981.00M,6.08B,-5.10B,3.87B,1.01B,1.43B,-259.00M,1.17B,-236.00M
nem,11.50B,6.48B,2.81B,3.53B,2.83B,6.14B,3.84B,$3.51,5.83B,6.60B,-766.00M,23.01B,5.14B,4.88B,-146.00M,4.74B,704.00M
nwsa,8.72B,4.05B,-1.02B,-762.00M,-862.00M,-70.00M,-721.00M,-$1.46,1.56B,2.42B,-854.00M,8.13B,735.00M,1.07B,-345.00M,726.00M,100.00M
nws,8.72B,4.05B,-1.02B,-762.00M,-862.00M,-70.00M,-721.00M,-$1.46,1.56B,2.42B,-854.00M,8.13B,735.00M,1.07B,-345.00M,726.00M,100.00M
nee,17.11B,9.58B,3.80B,4.69B,4.17B,8.87B,4.91B,$2.11,1.46B,52.67B,-51.21B,37.38B,-7.55B,7.38B,-6.87B,510.00M,529.00M
nlsn,6.29B,3.53B,466.00M,61.00M,-6.00M,1.30B,432.00M,-$0.02,610.00M,8.67B,-8.06B,2.05B,310.00M,999.00M,-519.00M,480.00M,67.00M
nke,38.51B,16.66B,4.19B,4.00B,3.43B,5.05B,4.25B,$2.14,12.53B,12.85B,-322.00M,11.93B,15.81B,4.64B,-810.00M,3.83B,575.00M
ni,4.68B,3.57B,550.80M,-34.70M,-17.60M,1.06B,336.00M,-$0.19,125.60M,9.75B,-9.62B,5.75B,-620.00M,1.10B,-1.76B,-654.10M,-17.10M
nsc,9.79B,6.91B,3.00B,2.53B,2.01B,4.31B,3.16B,$7.84,1.12B,12.68B,-11.57B,14.79B,158.00M,3.64B,-1.16B,2.48B,517.00M
ntrs,5.98B,5.98B,1.63B,1.63B,1.21B,2.13B,1.63B,$5.61,64.27B,8.90B,55.36B,11.69B,n/a,1.90B,-560.40M,1.34B,418.30M
noc,36.80B,7.48B,4.07B,3.73B,3.19B,5.59B,4.32B,$19.03,4.91B,15.60B,-10.70B,10.58B,5.76B,4.31B,-1.22B,3.09B,539.00M
nlok,2.49B,2.13B,674.00M,794.00M,591.00M,1.15B,953.00M,$0.97,1.07B,3.70B,-2.63B,-492.00M,27.00M,-1.42B,110.00M,-1.31B,203.00M
nclh,1.28B,-413.15M,-3.48B,-4.00B,-4.01B,-2.78B,-3.52B,-$15.75,3.30B,11.81B,-8.51B,4.35B,1.64B,-2.56B,-946.55M,-3.50B,12.47M
nov,6.09B,434.00M,-2.43B,-2.78B,-2.54B,-2.35B,-2.70B,-$6.62,1.69B,2.56B,-864.00M,5.21B,3.34B,926.00M,-226.00M,700.00M,-242.00M
nrg,9.09B,2.55B,1.11B,761.00M,510.00M,1.60B,1.16B,$2.07,4.47B,9.92B,-5.45B,1.68B,4.11B,1.84B,-230.00M,1.61B,251.00M
nue,20.14B,2.23B,999.27M,720.98M,721.47M,1.66B,874.18M,$5.39,3.16B,5.34B,-2.18B,10.79B,6.86B,2.70B,-1.50B,1.19B,"-490,000"
nvda,16.68B,10.40B,4.53B,4.41B,4.33B,5.69B,4.59B,$6.90,11.56B,7.60B,3.96B,16.89B,12.13B,5.82B,-1.13B,4.69B,77.00M
nvr,7.33B,1.39B,881.75M,1.08B,901.25M,1.14B,1.12B,$248.33,2.81B,1.59B,1.22B,3.10B,n/a,925.27M,-15.12M,910.15M,176.79M
nxpi,8.61B,4.24B,304.00M,-31.00M,52.00M,2.31B,326.00M,$0.18,2.28B,7.61B,-5.33B,8.94B,2.31B,2.48B,-388.00M,2.09B,-83.00M
orly,11.60B,6.09B,2.42B,2.27B,1.75B,2.74B,2.43B,$23.53,465.64M,6.16B,-5.70B,140.26M,-762.63M,2.84B,-449.81M,2.39B,514.10M
oxy,16.26B,-926.00M,-14.23B,-17.00B,-14.83B,-7.48B,-15.58B,-$17.06,2.18B,37.30B,-35.12B,18.57B,596.00M,3.96B,-3.05B,901.00M,-2.17B
odfl,4.02B,3.43B,906.88M,901.36M,672.68M,1.18B,904.15M,$6.27,731.70M,99.93M,631.77M,3.33B,870.21M,933.02M,-221.39M,711.63M,228.68M
omc,13.19B,13.19B,1.64B,1.37B,975.00M,1.81B,1.59B,$4.51,4.90B,6.82B,-1.93B,3.21B,260.20M,2.25B,-61.40M,2.19B,396.20M
oke,8.54B,3.31B,1.34B,802.32M,612.81M,2.09B,1.52B,$1.42,524.50M,14.34B,-13.81B,6.04B,525.23M,1.90B,-2.20B,-296.31M,189.51M
orcl,39.69B,31.99B,14.98B,12.54B,12.83B,17.80B,14.92B,$4.18,35.86B,69.30B,-33.44B,8.90B,23.49B,14.66B,-1.85B,12.81B,-291.00M
otis,12.76B,3.78B,1.70B,1.36B,906.00M,1.67B,1.48B,$2.08,1.78B,6.33B,-4.55B,-3.83B,-180.00M,1.48B,-183.00M,1.30B,455.00M
pcar,18.73B,3.65B,1.76B,1.66B,1.30B,2.90B,1.85B,$3.74,4.97B,10.85B,-5.88B,10.39B,4.11B,2.99B,-1.64B,1.35B,359.50M
pkg,6.66B,1.37B,723.90M,632.70M,461.00M,1.14B,726.20M,$5.10,1.08B,2.74B,-1.66B,3.25B,1.97B,1.03B,-421.20M,611.60M,171.70M
ph,13.51B,3.48B,1.99B,1.82B,1.43B,2.68B,2.10B,$11.02,608.05M,7.21B,-6.61B,7.11B,1.59B,2.60B,-77.13M,2.52B,384.25M
payx,3.94B,2.70B,1.41B,1.38B,1.06B,1.58B,1.38B,$2.92,1.05B,896.90M,148.20M,2.98B,1.27B,1.26B,-118.20M,1.14B,324.70M
payc,841.43M,717.89M,186.12M,185.94M,143.45M,239.33M,185.96M,$2.46,151.71M,30.89M,120.82M,655.64M,146.58M,227.21M,-94.10M,133.11M,42.48M
pypl,21.45B,10.00B,3.29B,5.07B,4.20B,6.25B,5.07B,$3.54,15.85B,8.94B,6.91B,20.02B,12.55B,5.85B,-746.00M,5.11B,863.00M
penn,3.58B,1.71B,-410.20M,-834.60M,-669.50M,75.30M,-291.40M,-$5.00,1.85B,11.16B,-9.30B,2.66B,1.23B,338.80M,-125.70M,213.10M,-165.10M
pnr,3.17B,1.12B,517.40M,490.10M,414.50M,587.90M,512.20M,$2.48,95.00M,932.40M,-837.40M,2.19B,384.60M,717.00M,-53.30M,663.70M,75.60M
pbct,1.91B,1.91B,348.60M,348.60M,219.60M,392.00M,348.60M,$0.52,4.24B,2.16B,2.09B,7.60B,n/a,842.90M,-45.80M,797.10M,129.00M
pep,71.31B,38.97B,10.47B,9.48B,7.50B,13.15B,10.58B,$5.40,6.63B,43.67B,-37.04B,13.95B,-1.50B,10.64B,-4.17B,6.47B,1.99B
pki,3.78B,2.11B,978.58M,906.29M,727.89M,1.23B,978.51M,$6.50,402.04M,2.18B,-1.78B,3.74B,586.73M,892.18M,-77.51M,814.67M,178.40M
prgo,5.06B,1.82B,115.40M,-149.40M,-162.60M,366.60M,-18.20M,-$1.20,641.50M,3.57B,-2.92B,5.66B,1.75B,636.20M,-170.40M,465.80M,13.20M
pfe,41.91B,33.22B,7.49B,10.09B,9.62B,14.87B,10.09B,$1.71,12.22B,39.84B,-27.62B,63.24B,9.15B,14.40B,-2.79B,11.61B,477.00M
pm,76.05B,19.13B,11.67B,10.43B,8.06B,12.03B,11.05B,$5.54,7.28B,31.54B,-24.26B,-12.57B,1.88B,9.81B,-602.00M,9.21B,2.38B
psx,65.49B,2.76B,-4.43B,-5.23B,-3.98B,-3.33B,-4.73B,-$9.06,2.51B,15.89B,-13.38B,18.98B,3.76B,2.11B,-2.92B,-809.00M,-1.25B
pnw,3.59B,1.41B,788.15M,628.73M,550.56M,1.54B,857.70M,$4.87,59.97M,6.92B,-6.86B,5.63B,-162.11M,966.37M,-1.26B,-297.72M,78.17M
pxd,6.69B,2.13B,-132.00M,-261.00M,-200.00M,1.51B,-132.00M,-$1.21,1.62B,3.51B,-1.89B,11.57B,689.00M,2.08B,-1.73B,356.00M,-61.00M
pnc,16.90B,16.90B,6.60B,7.94B,7.52B,9.44B,7.94B,$19.14,92.19B,37.20B,55.00B,54.01B,n/a,4.66B,n/a,4.66B,426.00M
ppl,7.61B,2.80B,2.80B,1.97B,1.47B,4.33B,2.97B,$1.91,708.00M,24.79B,-24.08B,13.37B,-3.21B,2.75B,-3.25B,-503.00M,502.00M
pfg,14.74B,6.34B,1.69B,1.66B,1.40B,1.91B,1.66B,$5.05,2.85B,4.36B,-1.51B,16.56B,n/a,3.74B,-108.80M,3.63B,265.00M
pg,74.87B,38.61B,17.93B,17.48B,14.20B,20.86B,18.02B,$5.44,10.01B,29.83B,-19.82B,46.92B,-9.41B,19.06B,-2.73B,16.33B,3.28B
pgr,42.66B,16.46B,7.39B,7.17B,5.70B,7.72B,7.39B,$11.00,76.50M,5.40B,-5.32B,17.04B,n/a,6.91B,-201.60M,6.70B,1.47B
pld,4.44B,3.27B,2.12B,1.61B,1.48B,3.49B,1.93B,$1.82,598.09M,17.34B,-16.74B,31.97B,n/a,2.94B,-3.53B,-593.23M,130.46M
pru,57.03B,15.81B,-323.00M,-455.00M,-374.00M,2.00M,-455.00M,-$1.00,13.70B,31.84B,-18.14B,67.43B,n/a,8.37B,n/a,8.37B,-81.00M
ptc,1.53B,1.20B,270.78M,193.08M,118.76M,397.07M,268.93M,$1.01,398.70M,1.19B,-795.61M,1.49B,223.97M,340.06M,-18.35M,321.71M,74.33M
peg,9.60B,3.43B,2.27B,2.30B,1.91B,4.19B,2.90B,$3.76,543.00M,17.50B,-16.95B,15.98B,-1.89B,3.10B,-2.62B,480.00M,396.00M
psa,2.92B,2.05B,1.41B,,1.36B,1.97B,1.41B,$6.29,257.56M,2.54B,-2.29B,8.56B,n/a,2.04B,-359.41M,1.68B,n/a
phm,11.04B,2.78B,1.73B,1.73B,1.41B,1.79B,1.73B,$5.18,2.63B,3.16B,-531.89M,6.57B,n/a,1.78B,-58.35M,1.73B,321.86M
pvh,7.13B,3.78B,-1.06B,-1.19B,-1.14B,-740.30M,-1.07B,-$15.96,1.65B,5.41B,-3.76B,4.73B,1.36B,697.70M,-226.60M,471.10M,-55.50M
qrvo,3.73B,1.69B,715.71M,585.23M,485.26M,1.15B,663.95M,$4.16,1.23B,1.75B,-514.47M,4.50B,1.71B,1.11B,-144.61M,968.71M,99.97M
pwr,11.20B,1.66B,600.79M,564.98M,445.60M,911.96M,610.00M,$3.07,184.62M,1.45B,-1.27B,4.34B,1.45B,1.12B,-225.18M,890.79M,119.39M
qcom,26.69B,16.06B,7.75B,7.38B,6.73B,9.38B,7.97B,$5.85,12.30B,15.73B,-3.43B,7.38B,10.57B,7.87B,-1.58B,6.29B,648.00M
dgx,10.34B,4.18B,2.46B,2.39B,1.80B,2.93B,2.55B,$13.18,1.23B,4.66B,-3.43B,6.75B,1.29B,2.49B,-418.00M,2.07B,587.00M
rl,4.39B,2.67B,-301.70M,-326.70M,-296.00M,-33.30M,-287.30M,-$4.03,2.79B,3.31B,-522.30M,2.69B,2.60B,341.20M,-135.10M,206.10M,-30.70M
rjf,8.20B,8.10B,1.09B,1.09B,862.00M,1.21B,1.09B,$6.16,5.38B,3.20B,2.17B,7.36B,n/a,5.41B,-113.00M,5.30B,230.00M
rtx,56.59B,8.53B,-2.77B,-2.94B,-3.52B,2.58B,-1.58B,-$2.59,8.80B,33.34B,-24.54B,72.16B,7.53B,3.61B,-1.80B,1.81B,575.00M
o,1.65B,1.55B,725.77M,410.18M,395.49M,1.40B,719.52M,$1.14,824.48M,8.82B,-7.99B,10.99B,n/a,1.12B,-2.03B,-916.84M,14.69M
reg,1.02B,703.10M,269.56M,,44.89M,547.47M,201.57M,$0.26,378.45M,4.14B,-3.77B,5.98B,n/a,499.12M,-8.13M,490.99M,n/a
regn,8.50B,7.38B,3.58B,3.81B,3.51B,4.10B,3.87B,$30.52,3.59B,2.70B,891.30M,11.03B,7.08B,2.62B,-614.60M,2.00B,297.20M
rf,4.96B,4.96B,1.31B,1.21B,991.00M,1.63B,1.21B,$1.52,17.96B,3.57B,14.39B,18.11B,n/a,2.32B,-134.00M,2.19B,220.00M
rsg,10.15B,4.05B,1.71B,1.14B,967.20M,2.65B,1.50B,$3.02,38.20M,8.93B,-8.90B,8.48B,-760.20M,2.47B,-1.16B,1.31B,173.10M
rmd,3.09B,1.80B,879.36M,830.20M,698.86M,1.05B,862.13M,$4.79,255.87M,965.81M,-709.94M,2.86B,874.15M,883.88M,-96.00M,787.87M,131.34M
rhi,5.11B,2.01B,345.35M,421.88M,306.28M,503.78M,421.88M,$2.89,574.43M,302.71M,271.71M,1.21B,796.11M,596.53M,-33.38M,563.15M,115.61M
rok,6.21B,2.54B,1.06B,1.51B,1.31B,1.78B,1.61B,$11.18,730.40M,2.40B,-1.67B,1.56B,743.50M,1.24B,-89.20M,1.15B,204.00M
rol,2.16B,1.11B,359.80M,354.72M,260.82M,449.25M,359.80M,$0.53,122.19M,417.15M,-294.95M,941.36M,-157.73M,435.79M,-23.23M,412.56M,93.90M
rop,5.53B,3.54B,1.43B,1.21B,949.70M,1.48B,1.43B,$8.98,308.30M,9.57B,-9.26B,10.48B,-692.10M,1.53B,-48.90M,1.48B,259.60M
rost,12.53B,2.69B,189.71M,106.30M,85.38M,553.96M,189.71M,$0.24,4.82B,5.73B,-913.51M,3.29B,2.73B,2.25B,-405.43M,1.84B,20.92M
rcl,2.21B,-556.30M,-4.60B,,-5.80B,-3.67B,-4.95B,-$27.05,3.68B,20.00B,-16.31B,8.76B,-225.37M,-3.73B,-1.94B,-5.67B,n/a
spgi,7.44B,5.35B,3.62B,3.03B,2.34B,3.38B,3.17B,$9.66,4.13B,4.65B,-523.00M,509.00M,2.40B,3.57B,-76.00M,3.49B,694.00M
crm,21.25B,15.81B,455.00M,2.56B,4.07B,5.41B,2.56B,$4.38,11.97B,6.28B,5.69B,41.49B,4.16B,4.80B,-710.00M,4.09B,-1.51B
sbac,2.08B,1.61B,633.69M,-17.69M,24.10M,1.10B,375.05M,$1.24,340.23M,13.43B,-13.09B,-4.82B,-141.81M,1.13B,-128.57M,997.47M,-41.80M
slb,23.60B,2.60B,-11.00B,-11.33B,-10.52B,-8.20B,-10.77B,-$2.04,3.01B,16.89B,-13.88B,12.07B,2.43B,2.94B,-1.52B,1.42B,-812.00M
stx,10.17B,2.71B,1.24B,1.01B,989.00M,1.60B,1.21B,$3.96,1.80B,5.15B,-3.35B,990.00M,1.46B,1.55B,-514.00M,1.03B,21.00M
see,4.90B,1.61B,788.10M,645.00M,502.90M,993.60M,819.40M,$3.22,548.70M,3.84B,-3.29B,172.50M,514.10M,737.00M,-181.10M,555.90M,142.10M
sre,11.37B,5.04B,2.52B,4.18B,3.93B,6.93B,5.26B,$12.88,985.00M,24.21B,-23.22B,23.37B,-2.33B,2.59B,-4.68B,-2.09B,249.00M
now,4.52B,3.53B,198.86M,149.19M,118.50M,518.31M,181.93M,$0.59,3.09B,2.14B,956.87M,2.83B,784.70M,1.79B,-432.52M,1.35B,30.68M
shw,18.36B,8.68B,2.86B,2.52B,2.03B,3.82B,2.86B,$7.36,226.60M,10.11B,-9.89B,3.61B,-3.00M,3.41B,-303.80M,3.10B,488.80M
spg,4.61B,3.72B,1.97B,1.11B,1.11B,3.25B,1.89B,$3.59,1.01B,27.24B,-26.23B,3.04B,n/a,2.33B,-450.70M,1.88B,-4.64M
swks,3.97B,1.93B,1.19B,1.18B,1.07B,1.54B,1.18B,$6.33,1.02B,154.90M,863.70M,4.41B,2.07B,1.29B,-397.10M,894.10M,117.00M
sna,4.12B,2.10B,950.90M,886.70M,682.40M,1.04B,943.60M,$12.46,1.43B,1.48B,-50.80M,3.88B,1.82B,1.11B,-65.90M,1.05B,204.30M
so,20.38B,8.66B,4.82B,3.53B,3.13B,9.25B,5.35B,$2.93,1.07B,51.04B,-49.98B,27.97B,-3.46B,6.70B,-7.40B,-708.00M,393.00M
luv,9.05B,5.21B,-3.82B,-4.26B,-3.07B,-2.65B,-3.91B,-$4.91,13.33B,12.20B,1.14B,8.88B,7.67B,-1.13B,-515.00M,-1.64B,-1.18B
swk,14.53B,4.97B,1.80B,1.28B,1.23B,2.08B,1.50B,$7.77,1.38B,4.25B,-2.87B,11.06B,1.48B,2.02B,-348.10M,1.67B,41.40M
sbux,23.17B,15.66B,924.10M,832.10M,664.80M,4.02B,1.30B,$0.57,5.26B,24.94B,-19.67B,-7.92B,473.60M,1.60B,-1.41B,183.90M,167.30M
stt,11.59B,11.59B,2.80B,2.61B,2.17B,3.97B,2.61B,$6.07,112.11B,15.27B,96.84B,25.01B,n/a,-4.24B,-608.00M,-4.85B,447.00M
ste,3.06B,1.33B,560.06M,527.95M,431.87M,775.72M,564.59M,$5.03,252.50M,1.86B,-1.61B,3.87B,670.21M,701.02M,-221.18M,479.84M,96.09M
syk,14.35B,9.06B,2.22B,1.95B,1.60B,2.29B,1.95B,$4.20,3.02B,13.99B,-10.97B,13.08B,4.67B,3.28B,-487.00M,2.79B,355.00M
sivb,3.78B,3.78B,1.74B,1.66B,1.21B,1.76B,1.66B,$30.38,17.67B,1.12B,16.55B,8.22B,n/a,1.45B,-87.41M,1.36B,447.59M
syf,5.85B,5.85B,1.80B,1.76B,1.34B,2.14B,1.76B,$2.27,11.52B,15.78B,-4.25B,12.70B,n/a,7.49B,n/a,7.49B,412.00M
snps,3.82B,3.01B,680.97M,716.91M,722.63M,1.01B,716.91M,$4.63,1.02B,655.73M,367.35M,4.88B,226.34M,1.16B,-131.88M,1.02B,-5.72M
syy,45.90B,8.45B,160.34M,-425.17M,-337.53M,1.03B,116.17M,-$0.66,5.77B,14.51B,-8.74B,1.43B,5.27B,1.80B,-457.05M,1.34B,-87.64M
tmus,68.40B,40.13B,6.64B,3.85B,3.06B,20.73B,6.58B,$2.65,13.96B,104.22B,-90.26B,65.34B,2.18B,8.64B,-11.03B,-2.39B,786.00M
trow,6.21B,6.21B,2.75B,3.09B,2.37B,3.28B,3.09B,$9.98,2.15B,154.10M,2.00B,7.71B,n/a,1.92B,-214.60M,1.70B,718.90M
ttwo,3.29B,1.64B,495.45M,548.86M,492.80M,768.41M,528.75M,$4.27,3.29B,187.38M,3.10B,3.16B,1.82B,1.03B,-58.80M,974.56M,56.06M
tpr,4.65B,3.12B,-373.90M,-446.10M,-428.20M,-148.50M,-374.20M,-$1.55,1.65B,3.81B,-2.16B,2.89B,1.34B,591.60M,-109.00M,482.60M,-17.90M
tgt,93.56B,27.38B,6.54B,5.55B,4.37B,9.01B,6.52B,$8.64,8.51B,14.90B,-6.39B,14.44B,631.00M,10.53B,-2.61B,7.92B,1.18B
tel,13.07B,4.03B,1.54B,1.54B,1.08B,2.33B,1.59B,$3.24,1.75B,4.52B,-2.77B,9.67B,2.38B,2.32B,-463.00M,1.86B,460.00M
tdy,3.09B,1.18B,480.10M,469.70M,401.90M,601.20M,485.00M,$10.62,673.10M,778.50M,-105.40M,3.23B,961.70M,618.90M,-71.40M,547.50M,67.80M
tfx,2.54B,1.32B,423.07M,357.26M,335.32M,651.00M,423.75M,$7.09,375.88M,2.56B,-2.19B,3.34B,882.40M,436.41M,-90.69M,345.71M,21.93M
ter,3.12B,1.79B,928.41M,901.02M,784.15M,1.05B,925.20M,$4.28,1.44B,472.76M,963.64M,2.21B,1.71B,868.94M,-184.98M,683.96M,116.87M
tsla,31.54B,6.63B,1.99B,1.01B,721.00M,4.08B,1.76B,$0.64,19.38B,11.74B,7.65B,22.23B,12.47B,5.94B,-3.23B,2.71B,292.00M
txn,14.46B,9.27B,5.89B,6.02B,5.60B,7.20B,6.21B,$5.97,6.57B,6.80B,-230.00M,9.19B,7.85B,6.14B,-649.00M,5.49B,422.00M
txt,11.65B,1.56B,448.00M,282.00M,309.00M,834.00M,448.00M,$1.35,2.25B,4.37B,-2.12B,5.85B,4.13B,832.00M,-317.00M,515.00M,-27.00M
tmo,32.22B,16.00B,7.79B,7.23B,6.38B,10.10B,7.78B,$15.96,10.33B,21.74B,-11.41B,34.51B,11.65B,8.29B,-1.47B,6.82B,850.00M
tjx,32.14B,7.60B,582.23M,89.26M,90.47M,1.14B,270.00M,$0.07,10.47B,15.50B,-5.03B,5.83B,4.94B,4.56B,-568.02M,3.99B,-1.21M
tsco,10.62B,3.76B,996.93M,968.15M,748.96M,1.21B,996.93M,$7.22,1.34B,3.54B,-2.20B,1.92B,1.51B,1.39B,-292.21M,1.10B,219.19M
tt,12.45B,3.80B,1.53B,1.15B,854.90M,1.69B,1.40B,$3.52,3.29B,5.27B,-1.98B,6.41B,2.57B,1.44B,-146.10M,1.29B,296.80M
tdg,4.75B,2.39B,1.51B,476.00M,445.00M,1.80B,1.52B,$6.57,4.91B,20.02B,-15.11B,-3.73B,5.51B,1.05B,-109.00M,945.00M,31.00M
trv,32.39B,13.08B,3.75B,3.41B,2.83B,3.75B,3.75B,$11.06,663.00M,6.55B,-5.89B,28.27B,n/a,7.08B,n/a,7.08B,578.00M
trmb,3.15B,1.75B,419.80M,394.30M,389.90M,669.40M,471.90M,$1.55,237.70M,1.66B,-1.42B,3.60B,-29.90M,672.00M,-56.80M,615.20M,4.40M
tfc,20.37B,20.37B,5.71B,5.46B,4.48B,7.07B,5.46B,$3.08,18.87B,45.69B,-26.82B,70.91B,n/a,7.44B,-815.00M,6.62B,981.00M
twtr,3.72B,2.35B,26.66M,-50.94M,-1.14B,597.12M,101.94M,-$1.44,7.47B,4.48B,2.99B,7.97B,6.68B,992.87M,-864.18M,128.69M,1.08B
tyl,1.12B,542.51M,172.93M,175.04M,194.82M,256.70M,175.04M,$4.69,675.81M,22.18M,653.63M,1.99B,548.79M,355.09M,-28.47M,326.62M,-19.78M
tsn,42.83B,5.12B,2.89B,2.54B,1.97B,4.22B,3.02B,$5.54,2.41B,11.36B,-8.95B,15.64B,3.70B,4.37B,-1.18B,3.19B,573.00M
udr,1.24B,858.77M,249.10M,66.81M,64.27M,888.15M,269.52M,$0.20,24.17M,5.17B,-5.15B,3.23B,n/a,604.32M,-703.18M,-98.87M,2.55M
ulta,6.15B,1.95B,236.82M,231.09M,175.84M,802.66M,236.82M,$3.11,1.05B,1.90B,-850.75M,2.00B,1.17B,810.36M,-151.87M,658.49M,55.25M
usb,19.42B,19.42B,6.05B,6.03B,4.96B,6.55B,6.03B,$3.79,62.58B,53.06B,9.52B,53.10B,n/a,3.72B,n/a,3.72B,1.07B
uaa,4.47B,2.16B,-613.44M,-499.79M,-549.18M,-287.55M,-452.53M,-$1.21,1.52B,2.01B,-488.17M,1.68B,1.81B,212.86M,-92.29M,120.57M,49.39M
ua,4.47B,2.16B,-613.44M,-499.79M,-549.18M,-287.55M,-452.53M,-$1.21,1.52B,2.01B,-488.17M,1.68B,1.81B,212.86M,-92.29M,120.57M,49.39M
unp,19.31B,15.22B,7.68B,6.82B,5.22B,10.18B,7.97B,$7.73,1.24B,27.85B,-26.61B,16.25B,-1.15B,8.34B,-2.66B,5.69B,1.60B
ual,10.60B,3.62B,-6.77B,-8.46B,-6.72B,-4.73B,-7.21B,-$22.68,13.45B,35.23B,-21.78B,5.21B,1.85B,-3.75B,-212.00M,-3.96B,-1.74B
unh,257.14B,67.00B,22.41B,20.38B,15.40B,24.93B,22.04B,$17.59,23.86B,43.47B,-19.61B,65.49B,-18.70B,22.17B,-2.05B,20.12B,4.97B
ups,84.63B,79.68B,7.68B,1.84B,1.34B,5.24B,2.55B,$1.54,6.32B,27.75B,-21.44B,657.00M,3.20B,10.46B,-5.37B,5.09B,501.00M
uri,8.53B,3.18B,1.80B,1.14B,890.00M,3.80B,1.81B,$12.20,202.00M,10.23B,-10.03B,4.55B,127.00M,2.66B,-258.00M,2.40B,249.00M
uhs,11.56B,11.56B,1.36B,1.24B,943.95M,1.86B,1.35B,$11.84,1.22B,4.19B,-2.97B,6.32B,800.83M,2.36B,-731.31M,1.63B,299.29M
unm,13.16B,4.19B,1.15B,964.00M,793.00M,1.27B,1.15B,$3.89,197.00M,3.35B,-3.15B,10.87B,n/a,597.50M,-119.10M,478.40M,171.00M
vlo,64.91B,-740.00M,-1.58B,-2.32B,-1.42B,590.00M,-1.76B,-$0.69,3.31B,14.68B,-11.36B,18.80B,6.56B,948.00M,-1.66B,-714.00M,-903.00M
vtr,3.80B,1.86B,560.92M,342.62M,439.15M,1.92B,812.16M,$1.17,451.64M,12.11B,-11.65B,10.18B,n/a,1.45B,437.06M,1.89B,-96.53M
vrsn,1.28B,1.09B,828.34M,747.75M,631.13M,884.59M,837.89M,$5.52,1.18B,1.79B,-609.54M,-1.40B,225.33M,748.46M,-39.10M,709.36M,116.62M
vrsk,2.78B,1.79B,1.04B,897.50M,712.70M,1.39B,1.04B,$4.31,218.80M,3.52B,-3.31B,2.70B,-636.60M,1.07B,-223.70M,844.50M,184.80M
vz,128.29B,77.09B,28.80B,23.42B,17.80B,44.39B,27.67B,$4.56,22.17B,150.55B,-128.38B,67.84B,14.93B,41.77B,-18.19B,23.58B,5.62B
vrtx,6.21B,5.47B,2.87B,3.12B,2.71B,3.28B,3.17B,$10.29,6.66B,889.51M,5.77B,8.69B,6.26B,3.25B,-259.80M,2.99B,405.15M
vfc,8.10B,4.40B,121.78M,-19.26M,-165.43M,787.93M,105.23M,-$0.43,3.85B,7.30B,-3.45B,3.14B,4.79B,1.17B,-314.63M,860.33M,146.17M
viac,25.29B,10.29B,4.04B,2.96B,2.42B,4.42B,3.99B,$3.92,2.98B,21.32B,-18.33B,15.37B,5.48B,2.29B,-324.00M,1.97B,535.00M
vtrs,11.95B,3.80B,-210.80M,-721.20M,-669.90M,1.99B,-223.40M,-$1.11,844.40M,25.84B,-24.99B,22.95B,2.30B,1.23B,-240.90M,990.90M,-51.30M
v,21.48B,17.70B,13.91B,13.56B,10.72B,14.89B,14.11B,$4.84,18.94B,21.06B,-2.12B,37.68B,13.89B,10.08B,-705.00M,9.37B,2.84B
vno,1.53B,738.89M,358.53M,-260.38M,-297.01M,386.82M,-31.12M,-$1.83,1.73B,7.80B,-6.07B,6.53B,n/a,424.24M,-109.61M,314.64M,36.63M
vmc,4.86B,1.28B,895.73M,740.28M,584.48M,1.27B,876.24M,$4.38,1.20B,3.69B,-2.49B,6.03B,1.23B,1.07B,-350.73M,719.63M,155.80M
wrb,8.10B,3.63B,855.34M,702.49M,530.67M,988.09M,853.02M,$4.07,2.37B,2.74B,-363.02M,6.31B,n/a,1.62B,-38.17M,1.58B,171.82M
wab,7.56B,2.14B,744.50M,559.30M,414.40M,1.14B,758.20M,$2.17,598.70M,4.24B,-3.64B,10.12B,653.50M,783.70M,-115.10M,668.60M,144.90M
wmt,559.15B,138.84B,22.55B,20.37B,13.51B,33.84B,22.68B,$4.75,17.74B,63.25B,-45.51B,80.93B,-2.58B,36.07B,-10.05B,26.03B,6.86B
wba,138.46B,27.16B,791.00M,-606.00M,-617.00M,1.89B,-17.00M,-$0.71,1.03B,40.65B,-39.62B,21.11B,-5.16B,5.56B,-1.36B,4.20B,11.00M
dis,60.74B,18.14B,-4.47B,-4.70B,-4.95B,2.18B,-3.16B,-$2.74,17.07B,58.28B,-41.21B,84.07B,8.33B,6.09B,-3.44B,2.65B,259.00M
wm,15.22B,5.88B,2.43B,1.89B,1.50B,3.99B,2.32B,$3.52,900.00M,13.81B,-12.91B,7.45B,-13.00M,3.40B,-1.63B,1.77B,397.00M
wat,2.37B,1.36B,643.71M,610.91M,521.57M,785.35M,659.98M,$8.36,443.15M,1.45B,-1.01B,232.14M,596.05M,790.51M,-172.38M,618.12M,89.34M
wec,7.24B,2.68B,1.71B,1.43B,1.20B,2.90B,1.92B,$3.79,24.80M,14.29B,-14.27B,10.47B,-2.07B,2.20B,-2.24B,-42.80M,227.90M
wfc,72.34B,72.34B,14.71B,296.00M,3.30B,9.03B,296.00M,$1.46,264.61B,271.95B,-7.34B,184.89B,n/a,2.05B,n/a,2.05B,-3.01B
well,4.61B,2.01B,624.32M,988.81M,978.84M,2.54B,1.50B,$2.33,2.02B,14.22B,-12.20B,15.97B,n/a,1.36B,3.85B,5.22B,9.97M
wst,2.15B,767.80M,406.90M,418.70M,346.20M,536.00M,426.90M,$4.57,615.50M,325.70M,289.80M,1.85B,870.30M,472.50M,-174.40M,298.10M,72.50M
wdc,16.33B,3.95B,642.00M,313.00M,167.00M,2.14B,664.00M,$0.55,2.96B,9.13B,-6.18B,9.83B,4.58B,1.10B,-879.00M,223.00M,146.00M
wu,4.84B,2.01B,967.30M,855.10M,744.30M,1.20B,973.60M,$1.79,1.43B,3.07B,-1.64B,186.60M,n/a,877.50M,-107.40M,770.10M,110.80M
wrk,17.56B,3.14B,-275.90M,-510.10M,-677.40M,1.35B,-116.30M,-$2.61,253.80M,8.94B,-8.69B,10.96B,1.81B,2.36B,-739.80M,1.62B,167.30M
wy,7.53B,1.95B,1.71B,982.00M,797.00M,1.90B,1.43B,$1.07,495.00M,5.48B,-4.98B,8.73B,659.00M,1.53B,-180.00M,1.35B,185.00M
whr,20.49B,4.30B,1.98B,1.83B,1.36B,2.60B,2.03B,$21.44,2.45B,6.13B,-3.68B,4.22B,1.83B,2.50B,-401.00M,2.10B,471.00M
wmb,7.72B,4.78B,2.20B,290.00M,211.00M,3.20B,1.48B,$0.17,142.00M,22.34B,-22.20B,11.77B,-890.00M,3.50B,-1.24B,2.26B,79.00M
wltw,9.35B,9.35B,1.18B,1.31B,996.00M,2.47B,1.56B,$7.65,2.09B,6.71B,-4.62B,10.82B,969.00M,1.77B,-286.00M,1.49B,318.00M
wynn,2.10B,352.64M,-1.23B,-1.50B,-2.07B,-220.60M,-946.10M,-$19.37,3.49B,13.19B,-9.70B,-352.00M,1.93B,-1.07B,-290.12M,-1.36B,564.67M
xel,11.53B,4.96B,2.12B,1.47B,1.47B,4.27B,2.31B,$2.79,178.00M,22.39B,-22.21B,14.58B,-964.00M,2.85B,-4.69B,-1.84B,-6.00M
xlnx,3.05B,2.11B,731.39M,723.89M,620.88M,915.54M,723.89M,$2.50,3.32B,1.99B,1.33B,2.60B,2.85B,1.20B,-69.11M,1.13B,103.01M
xyl,4.88B,1.83B,367.00M,285.00M,254.00M,613.00M,362.00M,$1.40,1.88B,3.08B,-1.21B,2.97B,1.57B,824.00M,-183.00M,641.00M,31.00M
yum,5.65B,2.69B,1.50B,1.02B,904.00M,1.71B,1.56B,$2.94,730.00M,10.73B,-10.00B,-7.89B,14.00M,1.31B,-160.00M,1.15B,116.00M
zbra,4.45B,2.00B,651.00M,560.00M,504.00M,782.00M,636.00M,$9.35,168.00M,1.37B,-1.21B,2.14B,-578.00M,962.00M,-67.00M,895.00M,56.00M
zbh,7.02B,4.90B,-87.80M,-275.90M,-138.90M,968.80M,-63.90M,-$0.67,802.10M,8.13B,-7.32B,12.19B,2.53B,1.20B,-409.60M,794.90M,-137.00M
zion,2.38B,2.38B,672.00M,672.00M,539.00M,758.00M,672.00M,$4.92,1.62B,2.91B,-1.29B,7.89B,n/a,719.00M,-171.00M,548.00M,133.00M
zts,6.68B,4.62B,2.23B,2.00B,1.64B,2.67B,2.23B,$3.42,3.60B,7.36B,-3.76B,3.77B,4.44B,2.13B,-453.00M,1.67B,360.00M
