company_code,current_ratio,quick_ratio,debt_equity,debt_ebitda,debt_free_cash_flow,return_on_equity,return_on_assets,return_on_capital,revenue_per_employee,profits_per_employee,inventory_turnover,asset_turnover,gross_margin,operating_margin,profit_margin
mmm,1.89,1.23,1.53,2.28,2.92,46.74%,9.61%,18.90%,"$338,779","$56,674",3.97,n/a,48.41%,22.25%,16.73%
abt,1.72,1.14,0.57,2.11,3.28,13.91%,4.94%,16.60%,"$317,505","$41,239",3.22,n/a,56.65%,15.48%,12.99%
abbv,0.84,0.60,6.58,7.09,5.13,187.70%,8.19%,7.00%,"$974,553","$98,213",6.01,n/a,66.41%,24.81%,10.08%
abmd,5.76,4.81,n/a,n/a,n/a,17.37%,10.82%,27.90%,"$529,255","$130,512",1.79,n/a,80.91%,27.65%,24.66%
acn,1.39,1.27,0.19,0.39,0.37,31.88%,11.57%,59.30%,"$85,059","$10,163",n/a,n/a,31.66%,14.89%,11.95%
atvi,3.41,3.13,0.24,1.22,1.66,15.78%,8.23%,69.80%,"$851,158","$231,263",n/a,n/a,72.05%,33.81%,27.17%
adbe,1.27,1.12,0.35,0.83,0.81,46.36%,12.86%,74.80%,"$607,657","$247,202",n/a,n/a,87.45%,34.75%,40.68%
amd,2.54,1.81,0.09,0.32,0.68,57.48%,11.42%,36.00%,"$774,841","$197,619",4.55,n/a,44.53%,14.02%,25.50%
aap,1.32,0.33,0.86,3.21,4.33,13.87%,4.33%,8.90%,"$252,658","$12,326",1.25,n/a,44.34%,7.42%,4.88%
aes,1.01,0.56,7.55,8.40,23.25,2.96%,4.29%,2.80%,$1.18M,"$5,636",14.70,n/a,27.88%,16.68%,0.48%
afl,n/a,n/a,0.24,1.79,1.33,15.29%,1.73%,2.70%,$1.85M,"$398,067",n/a,n/a,46.74%,19.87%,21.57%
a,2.07,1.43,0.52,1.90,2.29,16.78%,7.50%,22.10%,"$337,195","$49,390",3.53,n/a,53.38%,17.34%,14.65%
apd,2.95,2.75,0.63,2.16,12.38,15.46%,6.11%,11.00%,"$472,463","$99,637",14.58,n/a,33.12%,24.68%,21.09%
akam,2.55,2.32,0.65,2.41,5.75,14.09%,5.94%,9.50%,"$382,188","$66,570",n/a,n/a,64.58%,20.59%,17.42%
alk,0.93,0.89,1.69,-3.82,-11.48,-35.50%,-9.62%,-15.60%,"$208,051","-$77,246",33.50,n/a,39.40%,-49.78%,-37.13%
alb,1.22,0.74,0.84,4.86,-69.28,10.43%,3.38%,5.30%,"$530,324","$63,689",2.81,n/a,31.80%,16.17%,12.01%
are,n/a,n/a,0.66,5.25,-2.22,6.40%,1.57%,3.10%,$4.10M,$1.62M,n/a,n/a,72.01%,25.93%,39.49%
alxn,3.59,2.71,0.24,2.73,0.95,5.26%,10.10%,8.20%,$1.58M,"$157,258",0.79,n/a,90.88%,11.18%,9.94%
algn,1.40,1.22,0.02,0.13,0.13,77.55%,6.60%,17.50%,"$136,798","$98,278",5.64,n/a,71.33%,15.66%,71.84%
alle,2.07,1.40,1.96,2.35,2.70,62.79%,12.72%,23.70%,"$238,217","$36,687",5.51,n/a,43.19%,18.47%,15.40%
lnt,0.68,0.36,1.26,4.92,-9.05,10.87%,2.60%,3.70%,$1.01M,"$184,889",9.28,n/a,39.67%,21.66%,18.27%
all,n/a,n/a,0.26,0.98,1.51,19.84%,4.33%,5.80%,$1.07M,"$133,206",n/a,n/a,44.45%,29.03%,12.45%
googl,3.07,2.95,0.11,0.41,0.59,19.00%,8.65%,21.70%,$1.35M,"$297,625",98.13,n/a,53.58%,22.59%,22.06%
goog,3.07,2.95,0.11,0.41,0.59,19.00%,8.65%,21.70%,$1.35M,"$297,625",98.13,n/a,53.58%,22.59%,22.06%
mo,0.79,0.56,10.38,3.52,3.61,95.56%,15.00%,17.50%,$3.68M,"$629,155",6.17,n/a,49.80%,41.57%,17.08%
amzn,1.05,0.86,0.90,1.65,2.72,27.44%,5.24%,13.10%,"$297,430","$16,434",10.53,n/a,39.57%,5.93%,5.53%
amcr,1.28,0.66,1.45,3.87,6.38,15.26%,5.06%,10.20%,"$265,611","$16,545",5.25,n/a,21.44%,9.32%,6.23%
aee,0.76,0.41,1.30,4.58,-7.36,10.15%,2.90%,3.70%,"$630,948","$94,849",6.74,n/a,40.99%,22.44%,15.03%
aal,1.04,0.91,n/a,-7.47,-6.99,n/a,-12.77%,-10.60%,"$113,348","-$69,735",5.91,n/a,20.96%,-71.60%,-61.52%
aep,0.42,0.23,0.19,0.61,-1.33,11.02%,2.46%,4.00%,"$920,480","$135,813",7.86,n/a,37.23%,19.72%,14.75%
axp,n/a,n/a,1.78,5.15,5.05,22.01%,2.64%,3.40%,"$524,443","$78,540",n/a,n/a,100.00%,20.47%,14.98%
aig,n/a,n/a,0.57,-20.54,36.16,-8.67%,0.31%,-1.00%,"$971,911","-$132,089",n/a,n/a,35.00%,-13.32%,-13.59%
amt,0.80,0.65,8.97,8.17,12.88,29.76%,4.37%,5.10%,$1.43M,"$300,926",n/a,n/a,72.30%,35.91%,21.02%
awk,0.66,0.38,1.71,4.95,-22.05,11.28%,3.42%,5.40%,"$539,571","$101,286",35.65,n/a,57.06%,41.06%,18.77%
amp,n/a,n/a,0.84,1.74,1.10,26.46%,1.06%,1.80%,"$967,398","$124,715",n/a,n/a,84.82%,22.16%,12.89%
abc,0.99,0.56,n/a,-0.81,1.40,-250.82%,3.28%,-304.50%,$8.84M,"-$146,432",15.21,n/a,2.78%,-2.49%,-1.66%
ame,2.34,1.68,0.41,1.70,1.98,15.77%,6.49%,29.60%,"$275,153","$52,875",5.06,n/a,34.00%,22.64%,19.22%
amgn,1.81,1.30,3.51,2.54,3.34,76.14%,9.51%,20.60%,$1.05M,"$298,930",1.65,n/a,75.77%,35.95%,28.57%
aph,2.38,1.60,0.72,1.99,2.91,24.15%,8.88%,24.00%,"$107,486","$15,043",4.28,n/a,30.98%,19.05%,13.99%
adi,1.57,1.12,0.43,2.04,2.70,11.82%,5.15%,20.70%,"$368,424","$88,390",3.26,n/a,66.37%,28.83%,23.99%
anss,2.36,2.36,0.22,1.50,1.80,11.49%,5.82%,46.10%,"$350,270","$90,393",n/a,n/a,86.60%,29.52%,25.81%
antm,1.57,1.43,0.69,2.81,2.41,14.38%,5.86%,16.60%,$1.49M,"$56,523",n/a,n/a,20.13%,5.73%,3.78%
aon,1.07,0.24,2.47,2.73,3.26,57.37%,5.93%,21.00%,"$221,320","$39,380",n/a,n/a,100.00%,25.13%,17.79%
aos,1.83,1.44,0.08,0.28,0.29,19.62%,8.87%,38.70%,"$208,295","$24,813",5.93,n/a,38.28%,15.20%,11.91%
apa,1.41,0.89,n/a,-3.27,102.00,-185.83%,-17.66%,-22.30%,$1.90M,-$2.11M,n/a,n/a,8.84%,-106.15%,-111.05%
aapl,1.16,1.02,1.69,1.31,1.40,82.09%,13.36%,25.20%,$2.00M,"$434,898",39.71,n/a,38.78%,25.24%,21.73%
amat,3.17,2.15,0.47,1.09,1.44,38.31%,14.14%,31.90%,"$752,149","$159,380",2.71,n/a,44.96%,25.30%,21.19%
aptv,1.85,1.40,0.56,1.58,5.31,30.09%,3.27%,16.90%,"$86,530","$11,947",8.61,n/a,14.85%,16.21%,13.81%
adm,1.50,0.51,0.55,3.47,-3.44,9.05%,2.41%,6.40%,$1.71M,"$47,159",5.74,n/a,6.92%,2.62%,2.75%
anet,5.00,4.25,0.02,0.09,0.10,20.42%,9.89%,26.90%,"$886,916","$242,846",2.31,n/a,63.94%,30.19%,27.38%
ajg,1.10,0.99,0.79,3.06,2.94,14.99%,3.34%,19.40%,"$216,154","$25,271",n/a,n/a,74.46%,16.94%,11.69%
aiz,n/a,n/a,0.38,2.95,1.85,7.61%,1.10%,1.50%,"$742,265","$32,485",n/a,n/a,74.75%,6.14%,4.38%
t,0.82,0.47,1.11,5.57,6.54,-0.45%,2.94%,1.00%,"$751,784","-$22,655",5.88,n/a,53.47%,3.73%,-3.01%
ato,1.49,1.19,0.71,3.89,-6.10,9.60%,3.50%,4.80%,"$609,300","$136,440",6.05,n/a,77.26%,30.42%,22.39%
adsk,0.83,0.77,2.18,2.80,1.57,n/a,6.03%,49.10%,"$329,600","$105,061",n/a,n/a,91.11%,16.60%,31.88%
adp,1.06,0.11,0.40,0.62,0.94,44.07%,4.21%,49.40%,"$251,569","$42,795",n/a,n/a,42.00%,21.72%,17.01%
azo,0.93,0.20,n/a,2.77,3.19,n/a,12.65%,18.10%,"$223,172","$31,196",1.34,n/a,53.31%,19.47%,13.98%
avb,n/a,n/a,0.72,4.44,32.45,7.61%,2.33%,3.90%,"$775,880","$279,039",n/a,n/a,64.23%,30.33%,35.96%
avy,1.26,0.77,1.43,2.10,3.91,41.35%,9.44%,17.60%,"$217,859","$17,372",7.32,n/a,27.59%,12.38%,7.97%
bkr,1.59,0.97,0.58,3.84,8.84,-1.51%,1.78%,3.60%,"$364,764","-$3,109",3.85,n/a,16.46%,1.22%,-0.85%
bll,1.05,0.70,2.38,4.68,24.45,18.31%,4.44%,7.30%,"$547,953","$27,209",7.10,n/a,20.86%,8.51%,4.97%
bac,n/a,n/a,1.66,21.72,11.91,8.14%,0.79%,0.80%,"$403,052","$84,326",n/a,n/a,100.00%,35.44%,20.92%
bk,n/a,n/a,0.82,6.18,9.86,8.29%,0.77%,1.40%,"$329,333","$75,354",n/a,n/a,100.00%,33.30%,22.88%
bax,2.52,1.74,0.77,2.99,5.77,13.34%,6.14%,9.80%,"$233,460","$22,040",3.97,n/a,39.30%,13.84%,9.44%
bdx,1.36,0.83,0.72,4.02,5.13,6.97%,3.82%,8.80%,"$260,100","$22,871",3.54,n/a,45.76%,12.23%,8.79%
brk.b,n/a,n/a,0.26,1.68,4.37,9.83%,5.15%,7.60%,"$795,156","$118,114",9.83,n/a,32.95%,20.63%,14.85%
bby,1.19,0.62,0.89,1.25,0.97,44.58%,9.33%,38.20%,"$772,255","$29,379",6.80,n/a,22.37%,5.06%,3.80%
bio,3.39,2.24,0.02,0.05,0.47,48.69%,2.43%,52.00%,"$318,203","$475,783",1.88,n/a,56.48%,16.14%,149.52%
biib,2.12,1.50,0.72,1.72,2.43,26.49%,9.27%,20.60%,$1.39M,"$330,956",1.80,n/a,85.49%,29.39%,23.89%
blk,n/a,n/a,0.21,1.06,2.05,14.57%,2.07%,4.90%,"$982,121","$298,909",n/a,n/a,82.12%,35.14%,30.44%
ba,1.39,0.43,n/a,-6.35,-3.27,n/a,-3.79%,-12.90%,"$412,468","-$84,206",0.81,n/a,-9.78%,-22.30%,-20.42%
bkng,3.56,3.38,2.53,7.91,-61.59,1.09%,1.68%,6.30%,"$338,160","$2,936",n/a,n/a,100.00%,-9.28%,0.87%
bwa,1.62,1.20,0.59,2.46,5.12,9.80%,4.71%,12.40%,"$204,527","$10,060",7.89,n/a,18.79%,6.08%,4.92%
bxp,n/a,n/a,n/a,6.78,20.40,12.46%,2.52%,3.80%,$3.69M,$1.16M,n/a,n/a,62.75%,32.73%,31.56%
bsx,1.82,0.89,0.60,6.51,7.43,-0.56%,2.30%,1.50%,"$260,868","-$2,158",2.37,n/a,65.05%,-0.80%,-0.83%
bmy,1.58,1.28,1.34,14.52,3.81,-20.08%,3.90%,-12.30%,$1.41M,"-$298,017",3.70,n/a,72.31%,-16.16%,-21.20%
avgo,2.14,1.80,1.75,3.45,3.38,16.36%,4.27%,12.10%,$1.18M,"$188,238",11.06,n/a,57.54%,20.81%,16.01%
br,1.37,1.18,1.23,2.02,2.91,40.53%,9.24%,23.60%,"$390,342","$43,217",n/a,n/a,28.48%,14.58%,11.07%
bf.b,3.75,1.84,1.08,2.11,3.72,40.73%,11.13%,21.40%,"$699,583","$189,792",0.77,n/a,61.02%,31.83%,27.13%
chrw,1.60,1.57,0.81,1.96,3.41,28.53%,8.60%,23.10%,$1.09M,"$34,015",n/a,n/a,14.88%,4.15%,3.12%
cog,1.07,1.01,0.51,1.65,5.58,9.18%,4.11%,5.70%,$2.92M,"$398,666",45.13,n/a,55.07%,20.14%,13.67%
cdns,1.70,1.43,0.14,0.40,0.43,27.82%,11.59%,48.80%,"$318,291","$74,298",4.59,n/a,88.75%,25.35%,23.34%
czr,2.58,1.61,5.27,188.82,-33.89,-57.16%,0.11%,-1.80%,"$64,333","-$32,537",52.52,n/a,53.14%,-12.58%,-50.58%
cpb,0.91,0.59,2.06,3.70,5.58,29.72%,7.29%,17.50%,"$618,276","$55,724",7.34,n/a,34.75%,14.52%,9.01%
cof,n/a,n/a,0.67,6.05,2.54,4.60%,0.67%,0.80%,"$351,236","$52,207",n/a,n/a,100.00%,17.54%,14.86%
cah,1.17,0.48,3.42,3.20,2.24,93.05%,2.76%,12.10%,$3.26M,"$28,792",10.59,n/a,4.45%,0.44%,0.88%
kmx,2.42,0.51,3.56,12.00,30.74,18.37%,3.06%,3.00%,"$704,755","$27,778",5.52,n/a,12.55%,5.50%,3.94%
ccl,1.45,1.36,1.65,-4.20,-2.58,-51.82%,-8.02%,-17.10%,"$11,871","-$163,243",9.64,n/a,-335.98%,"-1,164.62%","-1,375.09%"
carr,1.67,1.15,1.74,3.15,7.88,19.09%,5.14%,17.40%,"$311,714","$35,393",8.34,n/a,29.27%,10.71%,11.35%
ctlt,2.46,1.57,0.88,4.01,-22.79,11.27%,4.48%,8.60%,"$247,479","$24,707",6.60,n/a,32.34%,13.83%,9.98%
cat,1.54,1.54,2.42,5.35,7.46,20.02%,3.95%,6.20%,"$429,065","$30,812",2.62,n/a,28.93%,10.91%,7.18%
cboe,1.19,0.51,0.40,1.56,0.95,13.97%,7.68%,46.90%,$3.39M,"$463,564",n/a,n/a,36.60%,19.32%,13.66%
cbre,1.24,1.10,0.58,2.67,2.62,10.97%,4.33%,13.20%,"$238,262","$7,520",n/a,n/a,20.06%,3.70%,3.16%
cdw,1.53,1.28,3.16,2.59,3.54,69.86%,8.56%,22.70%,$1.85M,"$78,850",22.25,n/a,17.38%,6.39%,4.27%
ce,1.92,1.36,1.08,1.35,4.43,62.32%,5.33%,24.70%,"$778,312","$271,299",4.43,n/a,23.86%,13.30%,34.86%
cnc,1.08,1.02,0.65,3.51,3.62,9.28%,4.68%,13.80%,$1.56M,"$25,358",n/a,n/a,13.69%,2.77%,1.63%
cnp,0.61,0.46,1.72,21.39,-23.95,-7.08%,2.21%,-1.30%,"$777,487","-$81,019",10.30,n/a,32.53%,14.01%,-10.42%
cern,2.27,1.91,0.30,0.79,1.56,17.73%,7.21%,20.80%,"$208,553","$29,549",40.38,n/a,83.06%,16.61%,14.17%
cf,1.51,1.05,1.45,2.98,4.57,7.69%,3.21%,4.20%,$1.39M,"$106,734",10.42,n/a,19.42%,14.84%,7.69%
schw,n/a,n/a,0.24,2.78,2.19,9.74%,0.85%,1.20%,"$365,344","$103,094",n/a,n/a,100.00%,36.78%,28.22%
chtr,0.40,0.32,3.48,4.76,12.53,10.64%,3.59%,4.40%,"$500,489","$33,528",n/a,n/a,100.00%,17.48%,6.70%
cvx,1.18,0.80,0.34,3.47,9.59,-4.00%,-0.87%,-2.90%,$1.98M,"-$116,118",13.07,n/a,20.47%,-7.13%,-5.85%
cmg,1.73,1.32,1.56,4.40,10.87,21.57%,4.77%,4.10%,"$61,697","$3,668",188.18,n/a,17.40%,4.85%,5.94%
cb,n/a,n/a,0.28,3.35,1.70,6.16%,1.24%,2.60%,$1.16M,"$113,968",n/a,n/a,37.51%,13.00%,9.82%
chd,0.80,0.42,0.72,1.77,2.41,27.63%,8.31%,39.40%,"$959,961","$154,098",5.88,n/a,45.23%,21.03%,16.05%
ci,0.77,0.80,0.65,2.18,3.56,17.73%,3.57%,18.80%,$2.22M,"$117,105",46.75,n/a,15.09%,5.08%,5.27%
cinf,n/a,n/a,0.08,0.55,0.61,11.78%,3.67%,6.00%,$1.43M,"$230,915",n/a,n/a,45.14%,20.61%,16.14%
ctas,2.35,1.17,0.71,1.67,2.41,27.67%,9.58%,21.10%,"$172,507","$24,696",8.43,n/a,45.84%,17.92%,14.32%
csco,1.61,1.65,0.37,0.97,1.01,27.14%,9.12%,36.70%,"$619,690","$130,697",12.34,n/a,64.17%,25.93%,21.09%
c,n/a,n/a,2.51,28.60,-20.85,8.35%,0.73%,0.60%,"$352,123","$52,355",n/a,n/a,76.45%,18.35%,14.87%
cfg,n/a,n/a,0.38,4.86,"-1,227.00",7.33%,0.90%,0.70%,"$303,878","$54,582",n/a,n/a,100.00%,24.54%,17.96%
ctxs,0.93,0.81,17.20,2.50,2.16,106.22%,8.36%,30.20%,"$359,633","$56,050",27.71,n/a,84.60%,18.81%,15.59%
clx,1.21,0.78,2.67,1.72,2.28,127.03%,15.58%,35.90%,"$855,000","$139,205",7.13,n/a,46.76%,21.90%,16.28%
cme,1.01,1.01,3.43,26.92,35.83,8.02%,1.67%,3.00%,$1.12M,"$481,739",n/a,n/a,100.00%,54.01%,43.11%
cms,0.78,1.29,2.76,5.32,-15.46,13.51%,3.27%,4.50%,"$819,833","$92,661",6.62,n/a,41.45%,25.76%,11.30%
ko,1.32,0.96,2.22,3.37,4.83,34.28%,6.95%,14.90%,"$411,133","$96,476",4.04,n/a,59.31%,27.25%,23.47%
ctsh,1.94,1.64,0.16,0.66,0.61,12.74%,9.00%,26.00%,"$57,520","$4,808",n/a,n/a,35.92%,12.70%,8.36%
cl,0.99,0.49,10.23,1.82,2.30,457.10%,15.30%,33.20%,"$481,608","$78,801",4.20,n/a,60.82%,23.59%,16.36%
cmcsa,0.93,0.81,1.21,3.45,9.77,12.01%,4.07%,10.60%,"$616,452","$62,702",n/a,n/a,100.00%,16.89%,10.17%
cma,n/a,n/a,0.71,8.19,6.75,11.35%,1.09%,0.70%,"$310,336","$61,936",n/a,n/a,100.00%,24.88%,19.96%
cag,0.80,0.28,1.12,3.92,6.10,14.73%,6.15%,15.70%,"$711,097","$72,164",5.18,n/a,28.81%,16.15%,10.15%
cop,2.25,1.98,0.51,4.89,176.66,-8.18%,-1.53%,-3.40%,$1.99M,"-$278,454",12.99,n/a,31.57%,-11.19%,-14.03%
ed,0.72,0.55,1.33,6.07,-14.63,6.14%,2.55%,3.00%,"$870,301","$78,246",14.40,n/a,58.38%,21.67%,8.99%
stz,2.40,0.98,0.77,3.19,5.33,15.39%,6.80%,11.30%,"$926,333","$214,839",3.11,n/a,51.84%,32.23%,23.19%
coo,1.35,0.60,0.35,3.15,10.11,46.27%,3.39%,7.70%,"$205,433","$187,417",1.65,n/a,63.24%,13.55%,91.23%
cprt,3.30,2.91,0.17,0.50,1.07,27.89%,16.25%,32.10%,"$300,788","$92,993",48.80,n/a,48.00%,39.70%,30.92%
glw,2.13,1.28,0.60,3.30,9.49,3.87%,2.84%,3.20%,"$225,564","$10,218",3.27,n/a,31.24%,3.97%,4.53%
ctva,1.73,1.02,0.04,0.61,0.70,3.05%,1.78%,5.10%,"$677,000","$32,429",1.72,n/a,40.16%,3.57%,4.79%
cost,0.99,0.42,0.66,1.31,1.77,26.61%,7.79%,20.90%,$1.15M,"$27,846",12.07,n/a,13.12%,3.29%,2.43%
cci,0.56,1.12,2.69,7.54,17.76,10.38%,2.72%,3.70%,$1.19M,"$215,510",n/a,n/a,66.28%,31.90%,18.08%
csx,2.39,2.17,1.28,2.95,6.03,21.57%,6.91%,8.40%,"$554,789","$142,158",22.54,n/a,40.65%,40.65%,25.62%
cmi,1.88,1.21,0.52,1.35,1.94,20.75%,5.64%,17.50%,"$342,603","$30,938",4.32,n/a,24.70%,10.02%,9.03%
cvs,0.91,0.53,1.23,4.97,6.33,10.76%,3.77%,9.20%,$1.26M,"$33,704",12.20,n/a,18.25%,5.18%,2.67%
dhi,n/a,n/a,0.35,1.09,3.28,26.60%,13.30%,19.20%,$2.49M,"$327,398",1.33,n/a,26.27%,16.67%,13.16%
dhr,2.05,1.51,0.50,2.49,3.19,13.30%,5.23%,22.10%,"$370,133","$70,939",4.21,n/a,57.60%,22.30%,19.17%
dri,0.79,0.63,1.97,63.73,17.97,-8.80%,0.12%,-2.50%,"$34,779","-$1,232",25.00,n/a,15.59%,-4.31%,-3.54%
dva,1.27,1.17,8.09,5.54,8.58,31.40%,6.26%,7.70%,"$172,397","$11,547",76.24,n/a,30.84%,14.44%,6.70%
de,n/a,n/a,3.26,5.68,6.02,26.58%,4.73%,5.30%,"$531,651","$49,660",3.92,n/a,34.08%,16.27%,9.34%
dal,0.86,0.77,73.16,-2.72,-7.26,-176.16%,-10.03%,-24.00%,"$170,986","-$176,054",8.80,n/a,37.31%,-106.35%,-102.96%
xray,1.36,0.84,0.48,7.48,4.38,-1.65%,1.89%,-0.30%,"$222,800","-$5,533",3.28,n/a,49.58%,-0.36%,-2.48%
dvn,2.26,1.97,1.58,-1.54,"20,017,621.15",-56.90%,0.39%,-27.40%,$3.45M,-$1.91M,n/a,n/a,35.05%,-59.11%,-55.51%
dxcm,5.58,5.11,0.98,4.74,6.46,36.44%,5.60%,7.70%,"$350,309","$89,745",3.65,n/a,66.44%,15.54%,25.62%
fang,0.49,0.36,0.70,-1.49,82.72,-37.82%,1.41%,-21.90%,$3.84M,-$6.17M,24.71,n/a,69.25%,-194.67%,-160.58%
dlr,n/a,n/a,0.83,8.50,-41.32,2.49%,1.30%,2.00%,$1.36M,"$123,835",n/a,n/a,65.89%,14.28%,9.13%
dfs,n/a,n/a,1.95,11.28,3.58,25.62%,2.47%,1.10%,"$338,295","$62,727",n/a,n/a,100.00%,24.10%,18.54%
disca,1.99,1.50,1.47,4.28,6.59,11.13%,5.13%,11.40%,$1.09M,"$124,388",n/a,n/a,63.83%,23.57%,11.42%
disck,1.99,1.50,1.47,4.28,6.59,11.13%,5.13%,11.40%,$1.09M,"$124,388",n/a,n/a,63.83%,23.57%,11.42%
dish,1.15,0.79,1.14,4.94,5.44,14.28%,5.14%,6.00%,$1.15M,"$130,568",28.54,n/a,35.24%,16.67%,11.38%
dg,1.21,0.24,2.04,3.29,4.77,39.74%,9.13%,13.80%,"$213,588","$16,804",4.64,n/a,31.76%,10.53%,7.87%
dltr,1.35,0.39,1.32,3.75,5.28,19.82%,6.76%,9.50%,"$423,623","$22,284",5.10,n/a,30.53%,7.40%,5.26%
d,0.64,0.25,1.42,9.50,-33.53,4.39%,2.25%,0.90%,"$819,191","-$23,179",4.89,n/a,45.38%,14.50%,-2.83%
dpz,1.85,1.34,n/a,5.50,8.64,n/a,30.75%,14.80%,"$596,726","$71,202",42.18,n/a,38.73%,28.85%,11.93%
dov,1.59,1.00,0.88,2.33,2.89,22.84%,7.34%,21.10%,"$299,814","$32,171",4.92,n/a,37.46%,14.80%,10.73%
dow,1.69,0.89,1.34,2.83,5.30,14.57%,3.02%,7.20%,$1.14M,"$55,378",5.64,n/a,13.47%,8.56%,4.86%
dte,1.30,0.85,1.58,5.31,-133.69,11.23%,2.84%,4.10%,$1.15M,"$129,057",11.26,n/a,31.81%,16.31%,11.23%
duk,0.53,0.08,1.34,7.29,-60.97,2.21%,2.16%,1.70%,"$866,824","$50,009",4.26,n/a,42.87%,23.20%,5.77%
dre,n/a,n/a,0.66,4.94,-9.84,5.87%,2.06%,3.30%,$2.84M,"$856,900",n/a,n/a,71.41%,40.87%,30.20%
dd,2.32,2.62,0.57,24.59,7.52,-7.13%,1.51%,-6.40%,"$599,912","-$86,794",3.36,n/a,33.71%,-11.38%,-14.47%
dxc,1.10,0.97,1.38,26.18,18.94,-37.67%,1.81%,-9.50%,"$131,587","-$20,623",n/a,n/a,21.26%,-21.44%,-15.67%
emn,1.74,1.02,0.93,4.31,5.24,8.06%,3.83%,5.50%,"$584,345","$32,966",4.27,n/a,23.31%,8.84%,5.64%
etn,1.56,0.68,0.56,3.10,3.28,9.10%,3.45%,11.20%,"$194,136","$15,328",5.05,n/a,30.52%,10.21%,7.90%
ebay,1.80,1.06,2.29,1.14,4.23,79.06%,9.06%,37.10%,"$808,740","$446,220",n/a,n/a,75.92%,26.39%,55.17%
ecl,1.75,1.21,1.13,93.91,5.08,13.19%,5.40%,-5.90%,"$267,959","-$27,389",5.84,n/a,41.43%,11.84%,-10.22%
eix,0.51,0.25,1.25,5.97,-5.14,4.70%,2.69%,1.90%,$1.02M,"$65,239",22.21,n/a,37.10%,8.96%,6.41%
ew,3.46,2.24,0.15,0.65,1.07,19.88%,12.54%,23.10%,"$294,383","$55,262",1.50,n/a,75.36%,20.77%,18.77%
ea,2.21,2.14,0.13,0.70,0.52,15.51%,6.74%,34.40%,"$578,571","$120,306",n/a,n/a,74.53%,22.43%,20.79%
emr,1.21,0.76,0.86,2.18,2.60,24.29%,8.22%,23.20%,"$201,138","$24,958",4.82,n/a,41.52%,15.70%,12.41%
enph,1.75,1.61,0.68,2.09,1.69,35.44%,12.18%,31.90%,"$911,088","$157,641",11.61,n/a,44.68%,24.07%,17.30%
etr,0.65,0.43,2.20,5.54,-9.73,12.82%,2.12%,3.00%,"$754,749","$104,974",5.99,n/a,37.63%,17.49%,13.91%
eog,1.69,1.40,0.30,2.13,3.52,-2.88%,-0.24%,-1.50%,$3.80M,"-$208,473",7.11,n/a,54.96%,-4.93%,-5.48%
efx,0.71,0.63,1.32,3.20,7.15,21.09%,6.24%,21.30%,"$398,418","$55,373",n/a,n/a,58.78%,19.33%,13.90%
eqix,1.29,1.13,1.31,5.94,-80.55,3.80%,2.65%,3.30%,"$599,076","$36,930",n/a,n/a,48.75%,17.55%,6.16%
eqr,n/a,n/a,0.80,3.96,4.33,8.71%,2.37%,4.40%,"$989,117","$351,398",n/a,n/a,64.37%,30.57%,35.53%
ess,n/a,n/a,1.05,4.81,66.70,9.47%,2.41%,4.10%,"$848,411","$322,672",n/a,n/a,68.25%,32.86%,38.03%
el,1.90,1.39,1.49,4.07,3.34,18.67%,7.15%,10.40%,"$295,625","$19,333",1.68,n/a,75.25%,9.40%,6.54%
etsy,4.17,4.06,1.50,2.39,1.66,60.79%,13.49%,28.30%,$1.22M,"$246,992",n/a,n/a,73.07%,24.57%,20.24%
evrg,0.69,0.33,1.18,5.20,53.34,7.30%,2.71%,3.40%,"$957,218","$120,456",5.12,n/a,48.61%,23.28%,12.58%
es,0.64,0.31,1.28,5.85,-14.26,8.98%,2.93%,4.10%,"$957,569","$129,602",20.84,n/a,41.37%,22.33%,13.53%
re,n/a,n/a,0.20,3.07,0.66,5.45%,1.31%,2.10%,$5.50M,"$294,474",n/a,n/a,12.23%,6.48%,5.36%
exc,0.98,0.50,1.21,3.75,-10.32,5.63%,2.12%,2.70%,$1.02M,"$60,699",14.46,n/a,23.65%,8.54%,5.94%
expe,1.04,0.90,5.78,-5.43,-1.88,-57.06%,-4.76%,-33.70%,"$272,199","-$136,754",n/a,n/a,67.69%,-52.30%,-50.24%
expd,2.09,1.86,0.16,0.43,0.72,28.73%,13.64%,53.60%,"$578,746","$39,825",n/a,n/a,28.94%,9.30%,6.88%
exr,n/a,n/a,2.36,6.75,14.28,17.67%,4.67%,4.60%,"$337,955","$120,055",n/a,n/a,71.46%,49.12%,35.52%
xom,0.80,0.44,0.43,3.54,-25.88,-12.81%,-1.84%,-7.70%,$2.52M,"-$311,667",6.43,n/a,33.81%,-15.28%,-12.36%
ffiv,1.54,1.30,0.30,1.34,1.16,13.70%,5.78%,26.70%,"$407,750","$50,261",14.76,n/a,81.95%,16.11%,12.33%
fb,5.05,4.89,0.08,0.27,0.45,25.42%,13.95%,31.60%,$1.47M,"$497,338",n/a,n/a,80.58%,38.01%,33.90%
fast,3.95,1.79,0.24,0.50,0.66,31.86%,17.94%,30.20%,"$314,872","$47,922",2.36,n/a,45.19%,20.20%,15.22%
frt,n/a,n/a,1.80,8.48,-28.71,4.98%,2.09%,2.40%,$2.72M,"$429,010",n/a,n/a,65.27%,34.65%,15.76%
fdx,1.60,1.50,1.75,4.66,10.03,14.84%,3.96%,5.00%,"$243,062","$9,349",52.38,n/a,61.72%,5.76%,3.85%
fis,0.80,0.51,0.41,4.65,6.04,0.33%,1.15%,3.00%,"$202,452","$2,548",n/a,n/a,33.49%,4.40%,1.26%
fitb,n/a,n/a,0.71,7.19,357.93,9.33%,1.06%,0.90%,"$328,725","$72,002",n/a,n/a,100.00%,27.58%,21.90%
fe,0.69,0.56,3.29,4.73,-187.54,18.54%,3.44%,6.60%,"$889,245","$110,261",21.80,n/a,40.71%,29.99%,12.40%
frc,n/a,n/a,n/a,n/a,n/a,10.13%,0.84%,n/a,"$739,582",n/a,n/a,n/a,n/a,n/a,n/a
fisv,1.04,0.22,0.64,4.08,6.37,2.86%,1.34%,6.60%,"$337,545","$21,773",n/a,n/a,47.40%,12.47%,6.45%
flt,1.00,0.89,1.29,3.42,3.11,19.93%,5.19%,29.40%,"$284,388","$83,835",n/a,n/a,75.04%,41.12%,29.48%
flir,2.80,1.49,0.39,1.81,2.89,11.32%,6.99%,19.80%,"$460,323","$50,870",2.27,n/a,49.23%,16.49%,11.05%
fmc,1.55,1.02,1.15,3.35,6.39,20.88%,6.78%,13.10%,"$725,328","$86,172",2.45,n/a,44.20%,19.44%,11.88%
f,1.20,1.05,5.27,17.42,8.73,-3.99%,-0.60%,0.20%,"$683,570","-$6,876",11.24,n/a,4.55%,-3.47%,-1.01%
ftnt,1.50,1.40,n/a,n/a,n/a,44.44%,7.76%,59.40%,"$314,931","$59,298",4.42,n/a,78.03%,20.50%,18.83%
ftv,1.55,1.31,0.49,2.01,3.24,17.74%,2.37%,27.40%,"$272,612","$94,900",4.65,n/a,56.29%,11.64%,34.81%
fbhs,1.64,0.86,0.98,2.69,4.02,21.31%,7.82%,19.40%,"$221,425","$20,109",4.95,n/a,35.54%,13.16%,9.08%
foxa,n/a,n/a,0.73,2.89,3.36,14.59%,8.17%,13.20%,$1.41M,"$170,000",6.05,n/a,38.70%,18.53%,12.08%
fox,n/a,n/a,0.73,2.89,3.36,14.59%,8.17%,13.20%,$1.41M,"$170,000",6.05,n/a,38.70%,18.53%,12.08%
ben,n/a,n/a,0.55,4.14,4.83,7.05%,5.19%,11.40%,"$539,377","$69,623",n/a,n/a,100.00%,17.33%,12.91%
fcx,2.72,1.33,0.95,2.65,5.81,12.96%,6.41%,4.70%,"$579,510","$24,449",2.15,n/a,17.91%,17.16%,4.22%
gps,1.55,0.62,2.93,-19.02,-49.45,-22.43%,-2.20%,-5.70%,"$117,949","-$5,684",3.95,n/a,34.09%,-6.25%,-4.82%
grmn,3.15,2.32,0.01,0.06,0.08,19.25%,9.99%,31.90%,"$261,661","$62,020",2.25,n/a,59.27%,25.18%,23.70%
it,0.79,0.66,2.53,3.72,3.37,26.29%,4.28%,15.20%,"$262,782","$17,099",n/a,n/a,67.19%,11.96%,6.51%
gnrc,2.60,1.61,0.77,1.93,2.51,27.23%,10.28%,25.90%,"$385,183","$54,336",2.71,n/a,38.53%,19.28%,14.11%
gd,1.35,0.88,0.83,2.74,4.24,21.37%,5.23%,17.30%,"$376,614","$31,450",5.24,n/a,16.68%,10.90%,8.35%
ge,1.58,1.28,2.11,5.17,40.84,16.95%,-0.04%,3.50%,"$457,580","$32,782",3.65,n/a,24.11%,-0.61%,7.16%
gis,0.69,0.47,1.56,3.27,4.34,28.30%,7.11%,26.30%,"$532,183","$72,820",7.27,n/a,35.61%,18.40%,13.68%
gm,1.01,1.19,2.44,4.97,9.67,13.22%,2.31%,3.80%,"$790,226","$41,465",10.55,n/a,11.16%,5.42%,5.25%
gpc,1.21,0.46,1.02,5.13,1.61,7.66%,4.84%,5.70%,"$338,192","$1,041",3.04,n/a,34.34%,3.04%,0.31%
gild,1.40,1.08,1.73,7.54,4.18,0.44%,10.78%,5.80%,$1.82M,"$9,044",3.51,n/a,81.48%,16.49%,0.50%
gl,n/a,n/a,0.22,1.96,1.34,9.11%,2.24%,3.40%,$1.45M,"$224,401",n/a,n/a,45.70%,20.76%,15.45%
gs,n/a,n/a,6.19,41.31,-34.81,15.75%,1.26%,0.80%,$1.11M,"$234,715",n/a,n/a,100.00%,34.96%,21.23%
gww,2.72,1.43,1.31,2.06,2.59,36.36%,13.66%,15.10%,"$541,147","$31,881",4.46,n/a,35.92%,8.64%,5.89%
hal,2.14,1.27,2.18,-6.53,7.53,-29.21%,1.33%,-11.70%,"$361,125","-$73,625",4.70,n/a,10.70%,-16.86%,-20.39%
hbi,1.62,0.83,5.54,49.52,11.41,-7.37%,6.57%,-0.20%,"$119,006","-$1,350",2.84,n/a,27.73%,0.10%,-1.13%
hig,n/a,n/a,0.23,1.49,1.16,10.39%,2.14%,3.20%,$1.11M,"$93,892",n/a,n/a,42.48%,11.48%,8.46%
has,1.60,1.18,1.74,4.35,5.99,7.57%,4.62%,7.20%,"$801,150","$32,618",4.08,n/a,68.55%,9.18%,4.07%
hca,1.42,1.02,57.13,3.59,5.11,n/a,10.81%,10.80%,"$264,272","$19,251",16.65,n/a,37.43%,14.09%,7.28%
peak,n/a,n/a,0.95,4.91,"1,001.53",2.29%,0.78%,2.90%,$7.58M,$1.91M,n/a,n/a,52.43%,9.36%,25.14%
hsic,1.66,0.81,0.30,1.38,1.82,10.17%,4.58%,17.30%,"$532,586","$21,252",4.97,n/a,27.81%,5.29%,3.99%
hsy,1.57,0.93,2.06,2.37,3.66,64.05%,13.06%,22.90%,"$536,166","$84,126",5.00,n/a,45.42%,21.87%,15.69%
hes,1.90,1.60,1.69,-16.15,-10.50,-35.40%,-0.80%,-10.60%,$2.96M,-$1.91M,7.13,n/a,52.58%,-49.58%,-64.38%
hpe,0.90,1.20,0.97,6.30,12.00,-2.58%,2.03%,-0.40%,"$452,290","-$7,273",6.78,n/a,32.50%,-0.74%,-1.61%
hlt,1.73,1.66,n/a,-72.06,18.60,n/a,0.18%,-4.20%,"$30,546","-$5,071",n/a,n/a,85.60%,-9.71%,-16.60%
hfc,2.41,1.45,0.68,-18.94,27.60,-8.42%,-0.94%,-7.80%,$2.87M,"-$154,574",6.98,n/a,17.40%,-6.56%,-5.38%
holx,2.46,1.97,0.85,1.25,2.20,49.87%,17.07%,43.00%,"$780,134","$237,960",3.90,n/a,65.57%,41.24%,30.50%
hd,1.23,0.47,13.16,2.09,2.65,"5,514.35%",21.17%,27.00%,"$261,708","$25,487",5.60,n/a,33.95%,13.84%,9.74%
hon,1.43,1.08,1.19,2.91,4.01,26.06%,6.77%,17.90%,"$316,777","$44,903",4.86,n/a,31.52%,16.90%,14.17%
hrl,2.54,1.75,0.20,0.98,1.63,14.03%,7.81%,28.50%,"$481,849","$44,154",7.35,n/a,18.66%,10.80%,9.16%
hst,n/a,n/a,0.97,-66.14,-13.29,-10.66%,-4.55%,-4.60%,$9.94M,-$4.49M,n/a,n/a,-9.88%,-58.83%,-45.19%
hwm,2.21,1.18,1.42,5.40,-19.67,5.16%,3.58%,6.00%,"$266,954","$13,249",2.51,n/a,26.26%,11.90%,4.96%
hpq,0.73,0.34,n/a,1.31,1.74,n/a,7.98%,112.90%,$1.09M,"$61,019",8.06,n/a,18.88%,6.79%,5.61%
hum,1.77,1.37,0.51,1.25,1.49,26.14%,9.73%,26.60%,$1.58M,"$69,138",n/a,n/a,20.12%,6.46%,4.36%
hban,n/a,n/a,0.66,6.37,7.09,10.26%,1.09%,0.80%,"$243,835","$52,884",n/a,n/a,100.00%,25.80%,21.69%
hii,1.10,0.41,0.97,1.57,2.43,39.90%,7.29%,16.80%,"$222,881","$16,571",56.34,n/a,17.84%,8.52%,7.44%
iex,4.15,3.31,0.41,1.74,2.01,15.73%,8.17%,30.00%,"$332,388","$53,396",4.54,n/a,43.69%,22.14%,16.06%
idxx,1.82,1.23,1.56,1.25,1.82,143.63%,21.04%,34.40%,"$291,038","$62,557",5.61,n/a,58.04%,25.66%,21.49%
info,0.95,0.49,0.63,3.90,5.45,6.25%,3.83%,13.40%,"$270,431","$33,438",n/a,n/a,63.27%,18.56%,12.36%
itw,2.52,1.96,2.55,2.43,3.15,67.90%,11.80%,22.40%,"$292,419","$49,047",6.27,n/a,41.35%,22.92%,16.77%
ilmn,3.60,3.18,0.40,1.70,2.08,14.10%,5.41%,17.30%,"$415,256","$84,103",2.83,n/a,68.01%,17.91%,20.25%
incy,3.74,3.62,0.01,-0.20,-0.11,-11.35%,-4.32%,-23.10%,$1.50M,"-$166,778",5.01,n/a,95.08%,-9.01%,-11.09%
ir,2.58,1.81,0.43,6.59,4.50,-0.59%,1.94%,1.60%,"$308,818","-$2,094",4.56,n/a,32.86%,1.75%,-0.68%
intc,1.90,1.23,0.45,1.03,1.87,23.82%,9.46%,18.70%,"$702,640","$168,165",3.98,n/a,54.62%,26.17%,23.93%
ice,0.99,0.04,0.86,4.37,6.82,11.40%,1.78%,22.80%,"$927,334","$234,983",n/a,n/a,73.22%,36.79%,25.34%
ibm,0.98,1.01,3.23,5.23,4.39,25.36%,4.00%,6.10%,"$212,836","$16,161",22.00,n/a,48.32%,8.05%,7.59%
ip,1.36,1.03,1.87,5.99,6.34,6.19%,3.30%,3.30%,"$417,444","$9,777",6.75,n/a,30.16%,7.21%,2.34%
ipg,0.98,0.94,1.79,6.15,3.08,11.75%,3.51%,8.30%,"$180,498","$6,994",n/a,n/a,14.92%,6.49%,3.87%
iff,1.61,0.83,0.70,4.93,8.18,5.76%,3.44%,7.90%,"$371,112","$26,513",2.66,n/a,41.03%,11.14%,7.14%
intu,1.53,1.20,0.31,1.12,1.14,27.74%,12.39%,82.60%,"$728,019","$164,811",n/a,n/a,82.64%,26.95%,22.64%
isrg,6.71,5.76,n/a,n/a,n/a,12.67%,6.90%,17.80%,"$563,173","$145,205",2.55,n/a,66.48%,26.01%,25.78%
ivz,n/a,n/a,0.61,7.86,7.89,5.43%,2.17%,3.30%,"$721,992","$61,654",n/a,n/a,100.00%,14.98%,8.54%
ipgp,10.01,7.71,0.01,0.13,0.19,6.42%,5.11%,11.60%,"$198,139","$26,332",1.77,n/a,44.89%,15.47%,13.29%
iqv,1.15,0.98,2.11,5.69,6.17,7.21%,2.51%,7.00%,"$166,861","$5,681",n/a,n/a,33.67%,7.32%,3.40%
irm,0.64,0.53,9.46,7.36,9.65,25.15%,3.57%,4.70%,"$172,803","$14,279",n/a,n/a,57.63%,22.54%,8.26%
jkhy,1.48,1.03,0.00,0.00,0.00,19.68%,10.62%,60.80%,"$255,189","$44,424",n/a,n/a,39.67%,22.17%,17.41%
j,1.66,1.61,0.44,3.31,2.86,7.66%,4.78%,12.30%,"$247,068","$8,943",n/a,n/a,18.94%,4.40%,3.62%
jbht,1.70,1.50,0.50,1.01,2.50,21.89%,8.30%,12.90%,"$317,944","$16,696",253.85,n/a,40.85%,7.40%,5.25%
sjm,0.82,0.44,0.61,2.62,3.88,11.67%,5.56%,20.80%,$1.12M,"$130,904",5.37,n/a,39.04%,18.29%,11.69%
jnj,1.21,0.91,0.56,1.47,1.75,23.97%,7.52%,27.20%,"$614,007","$109,398",3.10,n/a,65.58%,23.60%,17.82%
jci,1.18,0.83,0.45,3.80,3.72,4.97%,3.21%,8.80%,"$227,649","$9,515",7.63,n/a,33.22%,5.13%,4.18%
jpm,n/a,n/a,1.94,12.82,-6.78,14.97%,1.19%,1.00%,"$460,933","$105,687",n/a,n/a,100.00%,44.24%,22.93%
jnpr,1.51,1.27,0.50,4.80,4.48,5.63%,3.06%,6.40%,"$446,744","$25,910",n/a,n/a,57.90%,7.94%,5.80%
ksu,1.50,1.10,0.90,2.83,6.22,13.29%,6.36%,7.60%,"$399,709","$94,787",5.54,n/a,70.74%,37.10%,23.71%
k,0.67,0.38,2.61,3.48,5.48,36.37%,6.52%,16.80%,"$444,194","$40,355",7.21,n/a,34.33%,12.79%,9.08%
key,n/a,n/a,0.82,8.74,9.12,10.28%,1.08%,0.90%,"$331,558","$78,602",n/a,n/a,100.00%,27.47%,23.71%
keys,3.17,2.26,0.57,1.73,2.01,19.09%,7.09%,18.60%,"$307,571","$45,429",2.30,n/a,60.03%,17.97%,14.77%
kmb,0.77,0.38,17.03,2.25,3.98,723.61%,12.96%,19.90%,"$410,304","$49,478",7.01,n/a,35.07%,16.48%,12.06%
kim,n/a,n/a,0.97,3.69,14.97,18.86%,1.89%,7.10%,$2.19M,$2.07M,n/a,n/a,67.58%,31.44%,94.61%
kmi,0.81,0.61,1.03,5.29,6.56,5.61%,3.77%,5.30%,$1.31M,"$174,268",19.13,n/a,51.79%,24.65%,13.29%
klac,2.59,1.74,1.18,1.72,1.96,48.44%,12.99%,26.60%,"$572,929","$129,012",1.87,n/a,58.80%,28.19%,22.52%
khc,1.34,0.68,0.56,8.35,6.53,0.71%,3.66%,6.50%,"$689,079","$9,368",6.45,n/a,35.05%,8.13%,1.36%
kr,0.81,0.23,2.15,2.83,5.00,28.56%,4.23%,8.30%,"$284,942","$5,559",14.36,n/a,23.32%,2.10%,1.95%
lb,1.97,1.48,n/a,4.61,5.22,n/a,10.80%,11.20%,"$528,884","$37,679",5.61,n/a,39.39%,13.34%,7.12%
lhx,1.57,0.62,0.37,2.88,3.04,4.99%,4.24%,13.40%,"$379,042","$23,313",11.76,n/a,29.17%,6.46%,6.15%
lh,1.67,1.41,0.72,2.08,3.85,18.35%,10.13%,23.50%,"$214,526","$23,881",27.03,n/a,35.43%,17.49%,11.13%
lrcx,3.19,2.56,1.06,1.63,2.79,69.84%,17.37%,29.90%,"$977,771","$242,962",3.29,n/a,46.59%,28.68%,24.85%
lw,2.98,1.85,6.08,4.34,7.20,69.44%,7.74%,8.30%,"$455,883","$32,558",4.73,n/a,21.23%,11.59%,7.14%
lvs,2.28,0.93,5.40,-44.18,-5.94,-54.00%,-5.13%,-4.80%,"$68,000","-$44,090",78.81,n/a,23.17%,-60.77%,-64.84%
leg,1.60,0.91,1.49,3.48,3.85,18.33%,5.32%,10.90%,"$209,814","$12,137",n/a,n/a,20.90%,9.36%,5.78%
ldos,1.15,0.92,1.37,4.28,4.56,17.26%,5.91%,16.50%,"$315,308","$16,103",60.69,n/a,14.13%,8.00%,5.11%
len,n/a,n/a,0.32,1.46,1.43,17.57%,7.43%,13.00%,$2.45M,"$323,112",1.07,n/a,16.87%,15.18%,13.16%
lly,1.40,0.85,2.94,1.94,3.25,145.32%,10.99%,21.40%,"$701,137","$176,963",1.53,n/a,77.66%,29.46%,25.24%
lnc,n/a,n/a,0.29,9.45,12.51,2.35%,0.14%,0.20%,$1.59M,"$45,504",n/a,n/a,4.44%,4.05%,2.86%
lin,0.80,0.58,0.34,2.00,4.01,5.18%,2.94%,8.30%,"$367,122","$33,703",8.98,n/a,43.53%,12.42%,9.18%
lyv,0.96,0.80,n/a,-6.20,-4.98,-178.13%,-9.58%,-21.10%,"$226,973","-$210,309",n/a,n/a,24.65%,-87.91%,-92.66%
lkq,2.03,0.70,0.76,3.32,3.33,11.90%,5.24%,10.70%,"$264,292","$14,510",2.71,n/a,39.50%,8.48%,5.49%
lmt,1.38,0.35,1.93,1.18,2.07,142.73%,11.24%,28.40%,"$578,991","$60,991",16.85,n/a,13.26%,13.26%,10.53%
l,n/a,n/a,0.57,69.72,9.77,-6.28%,-0.13%,-0.70%,$1.03M,"-$76,311",n/a,n/a,30.55%,-7.54%,-7.40%
low,1.19,0.28,18.24,2.46,2.80,164.35%,15.79%,17.90%,"$407,259","$26,523",4.09,n/a,33.01%,10.77%,6.51%
lumn,0.48,0.36,2.89,5.76,10.93,-10.00%,3.77%,1.50%,"$531,077","-$31,590",n/a,n/a,56.87%,4.64%,-5.95%
lyb,2.12,1.07,2.16,5.21,11.79,17.47%,4.14%,5.00%,$1.45M,"$74,323",5.45,n/a,12.23%,5.62%,5.14%
mtb,n/a,n/a,0.27,2.20,7.20,9.50%,1.11%,1.40%,"$308,336","$76,508",n/a,n/a,100.00%,40.67%,24.81%
mro,1.33,1.23,0.51,4.88,41.57,-12.78%,-2.84%,-5.50%,$1.85M,"-$867,823",15.55,n/a,62.70%,-38.24%,-47.02%
mpc,1.81,0.39,1.49,-4.40,-151.81,-30.50%,-1.77%,-11.60%,$1.19M,"-$169,706",7.38,n/a,4.78%,-17.74%,-14.23%
mktx,n/a,n/a,0.10,0.22,0.26,34.15%,19.32%,60.90%,$1.13M,"$490,782",n/a,n/a,100.00%,54.38%,43.44%
mar,0.49,0.46,26.04,24.51,7.45,-47.13%,1.17%,-0.20%,"$87,364","-$2,207",n/a,n/a,13.80%,0.79%,-2.53%
mmc,1.24,1.13,1.49,3.10,4.47,23.79%,7.12%,15.40%,"$226,632","$26,526",n/a,n/a,100.00%,17.80%,11.70%
mlm,3.34,1.76,0.52,2.20,4.47,12.82%,5.70%,10.20%,"$543,667","$82,874",4.97,n/a,26.49%,21.26%,15.24%
mas,1.80,1.27,15.10,1.66,3.50,451.65%,14.58%,36.10%,"$399,333","$68,000",5.65,n/a,35.99%,18.02%,17.03%
ma,1.61,1.26,1.98,1.45,1.94,102.51%,16.24%,49.90%,"$728,619","$305,286",n/a,n/a,100.00%,52.81%,41.90%
mkc,0.81,0.32,1.35,4.55,7.68,19.76%,5.91%,18.20%,"$451,600","$55,446",3.63,n/a,41.02%,17.74%,12.28%
mxim,5.67,5.02,0.52,1.15,1.36,39.53%,13.15%,39.20%,"$330,981","$101,468",3.27,n/a,66.34%,32.97%,30.66%
mcd,1.01,0.90,n/a,5.65,11.06,10.21%,8.89%,8.20%,"$96,039","$23,653",181.42,n/a,52.16%,38.13%,24.63%
mck,1.01,0.54,n/a,-2.66,1.82,-90.49%,3.22%,-37.80%,$2.97M,"-$52,300",12.44,n/a,5.13%,-2.18%,-1.76%
mdt,2.10,1.58,0.60,4.92,6.55,5.97%,2.51%,7.60%,"$310,289","$32,133",2.34,n/a,63.85%,11.44%,10.36%
mrk,1.02,0.58,1.26,2.56,5.71,27.55%,11.16%,17.10%,"$657,452","$96,808",2.52,n/a,67.74%,16.47%,14.72%
met,n/a,n/a,0.25,2.52,1.63,7.67%,0.64%,0.90%,n/a,n/a,n/a,n/a,29.59%,10.21%,7.97%
mtd,1.26,0.82,4.72,1.51,2.10,171.37%,17.76%,32.10%,"$207,059","$40,452",4.49,n/a,58.38%,25.07%,19.54%
mgm,3.21,2.92,3.21,24.71,-11.90,-10.99%,-3.50%,-1.20%,"$114,713","-$22,949",36.11,n/a,33.11%,-13.28%,-20.01%
mchp,0.85,0.50,1.73,4.77,5.10,6.11%,3.20%,6.30%,"$369,433","$20,528",3.69,n/a,61.83%,16.49%,5.56%
mu,3.18,1.94,0.18,0.74,-10.80,8.23%,4.37%,8.00%,"$587,575","$79,925",3.27,n/a,30.70%,15.21%,13.60%
msft,2.58,2.36,0.53,0.95,1.38,42.70%,12.81%,52.40%,"$940,393","$314,785",25.89,n/a,68.35%,39.24%,33.47%
maa,n/a,n/a,0.78,4.87,13.42,4.27%,2.38%,2.70%,"$663,235","$100,775",n/a,n/a,31.39%,25.48%,15.19%
mhk,2.26,1.29,0.36,2.47,2.28,6.19%,3.45%,6.20%,"$227,433","$12,276",3.39,n/a,25.45%,6.66%,5.40%
tap,0.62,0.37,0.67,14.98,6.43,-7.19%,3.03%,-3.20%,"$567,882","-$55,824",9.19,n/a,39.03%,-4.24%,-9.83%
mdlz,0.66,0.43,0.74,3.15,6.59,12.99%,4.06%,18.30%,"$336,468","$45,000",6.21,n/a,39.30%,14.50%,13.37%
mpwr,5.73,4.50,n/a,n/a,n/a,18.89%,9.62%,22.30%,"$382,278","$74,411",2.66,n/a,55.18%,18.81%,19.47%
mnst,4.19,3.64,n/a,n/a,n/a,30.21%,17.98%,115.30%,$1.53M,"$467,837",5.40,n/a,59.23%,35.51%,30.65%
mco,2.03,1.86,4.43,2.62,3.40,136.69%,13.46%,29.40%,"$467,450","$154,743",n/a,n/a,100.00%,44.46%,33.10%
ms,n/a,n/a,2.29,12.94,-8.73,12.03%,1.11%,1.30%,"$679,084","$154,928",n/a,n/a,100.00%,29.91%,22.81%
mos,1.12,0.46,0.48,4.10,11.11,6.96%,1.67%,1.40%,"$688,095","$52,794",3.99,n/a,12.27%,4.76%,7.67%
msi,1.24,0.76,n/a,3.10,3.84,n/a,8.85%,16.80%,"$411,889","$52,722",7.97,n/a,48.66%,18.65%,12.80%
msci,1.89,1.82,n/a,3.69,4.63,n/a,13.14%,23.20%,"$466,664","$165,654",n/a,n/a,82.79%,52.19%,35.50%
ndaq,1.56,0.72,0.92,3.91,5.57,17.53%,5.52%,24.70%,$1.17M,"$193,168",n/a,n/a,51.59%,21.93%,16.58%
ntap,1.68,1.54,5.51,2.55,2.59,155.79%,7.09%,37.60%,"$517,593","$54,815",17.07,n/a,66.57%,15.26%,10.59%
nflx,1.27,1.06,1.21,0.95,6.32,35.31%,9.29%,38.80%,$2.81M,"$399,898",n/a,n/a,41.10%,21.17%,14.24%
nwl,1.28,0.73,1.57,-16.21,5.18,-17.31%,3.54%,-7.40%,"$302,742","-$24,839",3.89,n/a,32.81%,-6.76%,-8.20%
nem,2.52,1.86,0.29,1.07,1.39,11.35%,5.07%,10.30%,"$803,986","$197,832",1.47,n/a,56.39%,24.41%,24.61%
nwsa,1.26,1.05,0.30,-34.51,3.33,-11.76%,2.22%,-10.60%,"$371,064","-$36,681",16.67,n/a,46.39%,-11.65%,-9.89%
nws,1.26,1.05,0.30,-34.51,3.33,-11.76%,2.22%,-10.60%,"$371,064","-$36,681",16.67,n/a,46.39%,-11.65%,-9.89%
nee,0.52,0.30,1.41,5.94,103.27,8.20%,2.03%,3.20%,$1.15M,"$279,530",3.13,n/a,55.97%,22.23%,24.34%
nlsn,1.16,0.92,4.22,6.69,18.05,0.30%,3.47%,4.40%,"$146,279",-$140,n/a,n/a,56.12%,7.41%,-0.10%
nke,2.78,1.82,1.08,2.54,3.35,32.69%,8.79%,14.50%,"$510,703","$45,464",3.50,n/a,43.26%,10.87%,8.90%
ni,0.73,0.42,1.69,9.18,-14.90,-0.24%,2.82%,1.20%,"$641,241","-$2,411",2.69,n/a,76.31%,11.76%,-0.38%
nsc,1.07,0.91,0.86,2.94,5.12,13.43%,5.73%,6.70%,"$512,513","$105,393",12.37,n/a,70.63%,30.67%,20.56%
ntrs,n/a,n/a,0.76,4.18,6.66,10.96%,0.75%,1.40%,"$290,087","$58,704",n/a,n/a,100.00%,27.24%,20.24%
noc,1.60,1.21,1.47,2.79,5.05,32.88%,6.18%,16.60%,"$379,371","$32,876",38.03,n/a,20.32%,11.05%,8.67%
nlok,1.02,0.65,n/a,3.23,-2.83,15.56%,4.90%,27.80%,"$692,500","$164,167",n/a,n/a,85.56%,27.04%,23.71%
nclh,1.86,1.74,2.71,-4.25,-3.37,-73.83%,-6.60%,-15.60%,"$37,315","-$116,983",19.04,n/a,-32.28%,-272.22%,-313.50%
nov,2.79,1.59,0.49,-1.09,3.65,-38.66%,-2.89%,-35.80%,"$220,405","-$91,998",3.14,n/a,7.13%,-39.82%,-41.74%
nrg,3.15,2.81,5.91,6.21,6.17,30.38%,5.44%,7.20%,$2.22M,"$124,269",18.42,n/a,28.08%,12.15%,5.61%
nue,3.61,2.08,0.50,3.22,4.47,15.76%,7.88%,5.30%,"$762,866","$27,328",4.83,n/a,11.06%,4.96%,3.58%
nvda,4.09,3.56,0.45,1.33,1.62,29.78%,12.80%,23.30%,"$878,788","$228,300",4.48,n/a,62.34%,27.18%,25.98%
nvr,n/a,n/a,0.51,1.39,1.75,35.67%,16.75%,27.50%,$1.20M,"$147,746",3.89,n/a,18.99%,12.03%,12.30%
nxpi,2.14,1.51,0.85,3.29,3.63,0.85%,1.35%,2.90%,"$296,966","$1,793",3.94,n/a,49.18%,3.53%,0.60%
orly,0.86,0.15,43.95,2.25,2.58,384.78%,13.57%,21.60%,"$152,176","$22,979",1.55,n/a,52.44%,20.85%,15.10%
oxy,1.07,0.65,2.01,-4.99,41.40,-51.26%,-5.56%,-13.40%,$1.38M,-$1.26M,9.88,n/a,-5.69%,-87.50%,-91.21%
odfl,3.33,3.18,0.03,0.08,0.14,23.80%,14.98%,26.60%,"$203,000","$34,010",n/a,n/a,85.35%,22.59%,16.75%
omc,1.02,0.86,2.12,3.78,3.12,30.02%,4.51%,34.00%,"$205,789","$15,211",n/a,n/a,100.00%,12.46%,7.39%
oke,1.39,1.01,2.37,6.85,-48.39,9.99%,5.43%,4.40%,$2.96M,"$212,339",11.93,n/a,38.71%,15.71%,7.17%
orcl,2.16,2.00,7.79,3.89,5.41,104.66%,8.97%,16.60%,"$294,007","$95,037",n/a,n/a,80.59%,37.74%,32.32%
otis,0.97,0.74,n/a,3.78,4.88,n/a,12.73%,21.20%,"$184,870","$13,130",14.60,n/a,29.63%,13.35%,7.10%
pcar,2.13,1.69,1.04,3.74,8.05,12.92%,3.57%,5.90%,"$720,327","$49,938",12.70,n/a,19.50%,9.40%,6.93%
pkg,3.51,2.44,0.84,2.41,4.48,14.60%,7.23%,10.00%,"$438,039","$30,329",6.69,n/a,20.57%,10.87%,6.92%
ph,1.50,0.85,1.02,2.69,2.86,21.27%,6.33%,17.00%,"$267,329","$28,339",5.16,n/a,25.75%,14.71%,10.60%
payx,1.24,0.40,0.30,0.57,0.79,36.79%,9.19%,64.90%,"$252,737","$67,641",n/a,n/a,68.37%,35.67%,26.76%
payc,1.09,0.09,0.05,0.13,0.23,24.27%,4.57%,27.80%,"$199,486","$34,010",107.01,n/a,85.32%,22.12%,17.05%
pypl,1.33,1.30,0.45,1.43,1.75,22.72%,3.52%,23.30%,"$809,585","$158,566",n/a,n/a,46.62%,15.33%,19.59%
penn,2.42,2.27,4.20,148.17,52.36,-29.69%,0.98%,-1.40%,"$195,333","-$36,543",n/a,n/a,47.80%,-11.46%,-18.71%
pnr,1.47,0.80,0.43,1.59,1.40,20.34%,7.52%,33.10%,"$325,508","$42,513",5.00,n/a,35.33%,16.30%,13.06%
pbct,n/a,n/a,0.28,5.50,2.71,3.05%,0.38%,0.60%,"$339,131","$38,936",n/a,n/a,100.00%,18.23%,11.48%
pep,0.93,0.68,3.13,3.32,6.75,54.67%,7.76%,16.00%,"$245,055","$25,759",7.93,n/a,54.65%,14.68%,10.51%
pki,1.36,0.94,0.58,1.78,2.67,22.23%,8.50%,30.50%,"$270,196","$51,992",3.84,n/a,55.78%,25.87%,19.24%
prgo,2.27,1.23,0.63,9.73,7.66,-2.84%,2.61%,-0.30%,"$440,287","-$14,139",3.00,n/a,35.85%,2.28%,-3.21%
pfe,1.35,0.78,0.63,2.68,3.43,11.06%,3.93%,9.90%,"$533,860","$122,497",1.15,n/a,79.26%,17.87%,22.95%
pm,1.10,0.56,n/a,2.62,3.42,n/a,20.08%,27.30%,$1.07M,"$113,465",6.05,n/a,25.15%,15.34%,10.59%
psx,1.40,0.95,0.84,-4.77,-19.65,-15.26%,-1.67%,-8.70%,$4.58M,"-$277,972",16.36,n/a,4.21%,-6.77%,-6.07%
pnw,0.88,0.36,1.23,4.48,-23.24,10.08%,2.74%,3.60%,"$595,251","$91,364",6.40,n/a,39.30%,21.97%,15.35%
pxd,1.36,1.22,0.30,2.33,9.86,-1.69%,0.45%,-0.70%,$3.61M,"-$107,933",21.24,n/a,31.83%,-1.97%,-2.99%
pnc,n/a,n/a,0.69,3.94,7.98,7.89%,0.89%,1.80%,"$341,097","$151,708",n/a,n/a,100.00%,39.07%,44.48%
ppl,0.46,0.33,1.85,5.72,-49.28,11.14%,4.12%,4.90%,"$617,552","$119,256",13.86,n/a,36.85%,36.85%,19.31%
pfg,n/a,n/a,0.26,2.28,1.20,8.98%,0.37%,0.60%,"$847,224","$80,218",n/a,n/a,43.01%,11.49%,9.47%
pg,0.71,0.46,0.64,1.43,1.83,30.65%,9.64%,42.70%,"$756,263","$143,434",6.40,n/a,51.57%,23.94%,18.97%
pgr,n/a,n/a,0.32,0.70,0.80,40.02%,8.62%,11.30%,"$984,584","$131,667",n/a,n/a,38.58%,17.32%,13.37%
pld,n/a,n/a,0.54,4.97,-29.22,4.09%,1.97%,2.70%,$2.28M,"$761,858",n/a,n/a,73.64%,47.74%,33.38%
pru,n/a,n/a,0.47,"15,921.00",3.81,-0.22%,-0.02%,n/a,$1.37M,"-$8,975",n/a,n/a,27.72%,-0.57%,-0.66%
ptc,1.31,1.14,0.80,3.01,3.71,8.66%,5.47%,15.10%,"$244,313","$18,946",n/a,n/a,78.21%,17.68%,7.75%
peg,0.66,0.40,1.09,4.18,36.45,12.26%,3.06%,4.80%,"$750,938","$148,968",6.95,n/a,35.74%,23.64%,19.84%
psa,n/a,n/a,0.30,1.29,1.51,15.16%,8.07%,10.50%,"$539,827","$251,336",n/a,n/a,70.24%,48.41%,46.56%
phm,n/a,n/a,0.48,1.76,1.83,23.39%,9.68%,13.90%,$2.10M,"$268,020",1.07,n/a,25.17%,15.66%,12.75%
pvh,1.53,0.90,1.14,-7.30,11.48,-21.59%,-0.17%,-13.00%,"$356,630","-$56,805",2.21,n/a,52.95%,-14.92%,-15.93%
qrvo,3.78,2.86,0.39,1.52,1.81,10.98%,7.18%,18.30%,"$472,196","$61,426",4.25,n/a,45.33%,19.19%,13.01%
pwr,1.68,1.36,0.33,1.59,1.63,10.76%,4.55%,12.30%,"$312,924","$12,447",179.71,n/a,14.83%,5.36%,3.98%
qcom,2.15,1.78,2.13,1.68,2.50,113.14%,13.68%,30.50%,"$650,976","$164,098",5.35,n/a,60.16%,29.04%,25.21%
dgx,1.76,1.53,0.69,1.59,2.25,29.78%,12.45%,34.00%,"$206,700","$36,020",35.30,n/a,40.40%,23.76%,17.43%
rl,2.55,1.89,1.23,-99.38,16.06,-10.19%,0.88%,-4.70%,"$320,285","-$21,606",1.94,n/a,60.92%,-6.88%,-6.75%
rjf,n/a,n/a,0.44,2.64,0.60,12.02%,1.84%,2.50%,"$554,257","$58,243",n/a,n/a,98.74%,13.31%,10.51%
rtx,1.21,0.50,0.46,12.93,18.41,-4.95%,1.03%,-2.60%,"$312,635","-$19,442",5.21,n/a,15.08%,-4.90%,-6.22%
o,n/a,n/a,0.80,6.31,-9.62,3.81%,2.55%,2.80%,$7.94M,$1.90M,n/a,n/a,93.67%,43.94%,23.95%
reg,n/a,n/a,0.69,7.57,8.44,0.77%,1.71%,1.40%,$2.36M,"$104,151",n/a,n/a,69.19%,26.53%,4.42%
regn,3.63,2.86,0.24,0.66,1.35,31.77%,12.88%,29.20%,"$931,393","$385,093",0.67,n/a,86.82%,42.09%,41.35%
rf,n/a,n/a,0.20,2.19,1.63,8.94%,1.10%,0.90%,"$261,915","$52,362",n/a,n/a,100.00%,26.51%,19.99%
rsg,0.67,0.49,1.05,3.37,6.84,11.68%,4.96%,8.50%,"$290,103","$27,634",n/a,n/a,39.92%,16.87%,9.53%
rmd,2.51,1.33,0.34,0.92,1.23,27.28%,12.55%,34.20%,"$397,909","$89,943",3.03,n/a,58.23%,28.44%,22.60%
rhi,1.76,1.23,0.25,0.60,0.54,26.08%,8.87%,40.20%,"$393,000","$23,560",n/a,n/a,39.39%,6.76%,5.99%
rok,1.34,0.96,1.54,1.34,2.09,89.21%,8.61%,32.90%,"$264,281","$55,574",5.80,n/a,40.88%,17.03%,21.03%
rol,0.67,0.53,0.44,0.93,1.01,29.69%,12.82%,52.60%,"$138,398","$16,702",41.68,n/a,51.48%,16.65%,12.07%
rop,0.72,0.58,0.91,6.46,6.48,9.51%,4.25%,19.90%,"$300,386","$51,614",10.00,n/a,64.10%,25.89%,17.18%
rost,1.69,1.24,1.74,10.35,3.11,2.57%,1.08%,1.80%,"$133,741",$911,5.89,n/a,21.49%,1.51%,0.68%
rcl,0.95,0.87,2.28,-5.44,-3.53,-53.74%,-6.04%,-11.90%,"$26,017","-$68,286",19.69,n/a,-25.19%,-208.33%,-262.47%
spgi,1.67,1.60,9.14,1.38,1.33,82.33%,20.24%,66.20%,"$323,565","$101,696",n/a,n/a,71.89%,48.60%,31.43%
crm,1.24,1.11,0.15,1.16,1.54,10.80%,0.47%,18.00%,"$375,437","$71,936",n/a,n/a,74.41%,2.14%,19.16%
sbac,0.77,0.73,n/a,12.24,13.46,n/a,4.48%,2.10%,$1.40M,"$16,254",n/a,n/a,77.12%,30.42%,1.16%
slb,1.23,0.79,1.40,-2.06,11.86,-19.38%,2.24%,-33.50%,"$274,430","-$122,302",5.61,n/a,11.02%,-46.62%,-44.57%
stx,1.56,0.99,5.20,3.22,4.98,87.70%,9.47%,15.80%,"$242,190","$23,548",6.06,n/a,26.59%,12.21%,9.72%
see,1.38,0.85,22.25,3.86,6.90,n/a,8.44%,14.60%,"$297,164","$30,479",5.65,n/a,32.82%,16.07%,10.26%
sre,0.66,0.55,1.04,3.49,-11.61,9.65%,2.58%,6.60%,"$773,154","$267,442",21.63,n/a,44.34%,22.18%,34.59%
now,1.21,1.10,0.75,4.12,1.58,4.78%,1.69%,4.20%,"$345,104","$9,049",n/a,n/a,78.16%,4.40%,2.62%
shw,1.00,0.50,2.80,2.65,3.26,52.51%,8.73%,19.50%,"$300,859","$33,268",5.24,n/a,47.29%,15.58%,11.06%
spg,n/a,n/a,8.96,8.39,14.52,37.63%,3.73%,3.20%,$1.92M,"$463,568",n/a,n/a,80.75%,42.80%,24.15%
swks,5.07,3.37,0.04,0.10,0.17,24.58%,14.53%,40.90%,"$396,970","$106,700",3.08,n/a,48.63%,29.86%,26.88%
sna,2.47,2.98,0.38,1.42,1.41,19.36%,10.00%,20.00%,"$334,740","$55,480",2.72,n/a,50.94%,23.10%,16.57%
so,0.71,0.13,1.82,5.52,-72.09,9.56%,2.71%,3.50%,"$735,560","$113,141",4.80,n/a,42.52%,23.66%,15.38%
luv,2.02,1.93,1.37,-4.60,-7.43,-31.53%,-12.42%,-16.10%,"$160,142","-$54,407",8.14,n/a,57.57%,-42.18%,-33.97%
swk,1.32,0.63,0.38,2.05,2.54,12.22%,5.55%,17.30%,"$273,721","$23,235",3.83,n/a,34.18%,12.35%,8.49%
sbux,1.06,0.78,n/a,6.21,135.61,n/a,2.93%,3.40%,"$66,391","$1,905",5.21,n/a,67.60%,3.99%,2.87%
stt,n/a,n/a,0.61,3.84,-3.15,9.43%,0.68%,1.30%,"$294,725","$55,089",n/a,n/a,100.00%,24.12%,18.69%
ste,2.33,1.60,0.48,2.40,3.89,11.88%,6.29%,18.00%,"$235,152","$33,220",6.34,n/a,43.36%,18.32%,14.13%
syk,1.93,1.14,1.07,6.10,5.01,12.35%,5.70%,9.60%,"$333,744","$37,186",1.64,n/a,63.11%,15.49%,11.14%
sivb,n/a,n/a,0.14,0.64,0.83,19.91%,1.59%,2.10%,"$811,195","$259,529",n/a,n/a,100.00%,46.12%,31.99%
syf,n/a,n/a,1.24,7.38,2.11,9.97%,1.38%,1.80%,"$354,667","$81,394",n/a,n/a,100.00%,30.71%,22.95%
snps,1.10,0.83,0.13,0.65,0.64,15.96%,5.82%,43.00%,"$254,138","$48,060",4.27,n/a,78.81%,17.82%,18.91%
syy,1.79,1.28,10.17,14.16,10.80,-16.77%,2.43%,0.60%,"$805,292","-$5,922",11.33,n/a,18.41%,0.35%,-0.74%
tmus,1.10,0.84,1.59,5.03,-43.53,5.83%,4.10%,4.70%,"$911,960","$40,853",16.19,n/a,58.67%,9.70%,4.48%
trow,n/a,n/a,0.02,0.05,0.09,28.85%,17.17%,42.80%,"$808,375","$309,026",n/a,n/a,100.00%,44.24%,38.23%
ttwo,1.78,1.65,0.06,0.24,0.19,17.74%,6.02%,173.60%,"$567,911","$84,965",64.55,n/a,49.87%,15.04%,14.96%
tpr,1.88,1.29,1.32,-25.65,7.89,-13.78%,4.14%,-5.70%,"$374,605","-$34,532",2.21,n/a,67.15%,-8.05%,-9.22%
tgt,1.03,0.42,1.03,1.65,1.88,33.25%,8.79%,16.20%,"$228,756","$10,680",6.74,n/a,29.27%,6.99%,4.67%
tel,1.47,0.93,0.47,1.94,2.43,11.08%,6.13%,13.20%,"$163,363","$13,450",4.37,n/a,30.85%,11.79%,8.23%
tdy,2.26,1.70,0.24,1.29,1.42,13.52%,6.64%,23.70%,"$289,241","$37,666",5.14,n/a,38.26%,15.56%,13.02%
tfx,2.63,1.43,0.77,3.94,7.42,10.63%,3.99%,11.70%,"$181,225","$23,952",2.45,n/a,52.22%,16.67%,13.22%
ter,3.45,2.84,0.21,0.45,0.69,42.53%,17.51%,52.20%,"$567,540","$142,572",6.38,n/a,57.21%,29.74%,25.12%
tsla,1.88,1.49,0.53,2.88,4.33,5.42%,2.82%,5.80%,"$445,694","$10,190",6.51,n/a,21.02%,6.32%,2.29%
txn,4.28,3.34,0.74,0.94,1.24,61.84%,19.82%,42.40%,"$482,033","$186,500",2.62,n/a,64.10%,40.76%,38.69%
txt,2.26,0.93,0.75,5.24,8.48,5.44%,2.58%,3.80%,"$353,061","$9,364",2.66,n/a,13.36%,3.85%,2.65%
tmo,2.13,1.56,0.63,2.15,3.19,19.87%,7.72%,24.40%,"$402,725","$79,688",4.38,n/a,49.67%,24.19%,19.79%
tjx,1.46,1.01,2.66,13.59,3.88,1.54%,0.16%,1.00%,"$100,428",$283,5.33,n/a,23.66%,1.81%,0.28%
tsco,1.87,0.77,1.84,2.92,3.21,52.81%,12.22%,14.20%,"$252,866","$17,832",4.05,n/a,35.42%,9.39%,7.05%
tt,1.59,1.27,0.82,3.11,4.09,14.43%,5.16%,18.30%,"$355,849","$24,426",7.01,n/a,30.54%,12.31%,6.86%
tdg,4.53,3.54,n/a,11.15,21.19,n/a,5.50%,7.20%,"$334,225","$31,338",1.83,n/a,50.27%,31.71%,9.38%
trv,n/a,n/a,0.23,1.75,0.93,10.59%,2.07%,3.20%,$1.08M,"$94,371",n/a,n/a,40.39%,11.56%,8.74%
trmb,0.98,0.65,0.46,2.47,2.69,11.63%,4.33%,17.50%,"$276,066","$34,196",4.54,n/a,55.75%,13.34%,12.39%
tfc,n/a,n/a,0.64,6.46,6.90,7.32%,0.96%,1.10%,"$382,844","$84,237",n/a,n/a,100.00%,28.02%,22.00%
twtr,4.42,4.36,0.56,7.51,34.85,-13.62%,0.85%,0.80%,"$675,700","-$206,477",n/a,n/a,63.23%,0.72%,-30.56%
tyl,1.97,1.91,0.01,0.09,0.07,10.81%,4.50%,57.50%,"$203,030","$35,422",n/a,n/a,48.58%,15.49%,17.45%
tsn,1.76,0.89,0.73,2.69,3.56,13.41%,6.74%,13.30%,"$308,129","$14,180",9.18,n/a,11.96%,6.74%,4.60%
udr,n/a,n/a,1.60,5.82,-52.31,1.62%,0.98%,1.80%,"$982,712","$50,884",n/a,n/a,69.19%,20.07%,5.18%
ulta,1.87,0.92,0.95,2.36,2.88,9.01%,5.07%,4.40%,"$384,497","$10,990",3.41,n/a,31.68%,3.85%,2.86%
usb,n/a,n/a,1.00,8.10,14.28,11.66%,1.11%,1.10%,"$277,429","$70,843",n/a,n/a,100.00%,31.16%,25.54%
uaa,2.28,1.45,1.20,-6.97,16.63,-28.71%,-0.09%,-11.60%,"$639,238","-$78,454",2.59,n/a,48.27%,-13.71%,-12.27%
ua,2.28,1.45,1.20,-6.97,16.63,-28.71%,-0.09%,-11.60%,"$639,238","-$78,454",2.59,n/a,48.27%,-13.71%,-12.27%
unp,0.76,0.59,1.71,2.74,4.90,32.35%,7.79%,9.40%,"$648,799","$175,298",6.04,n/a,78.86%,39.80%,27.02%
ual,1.13,1.05,6.77,-7.45,-8.89,-91.93%,-12.19%,-12.60%,"$126,005","-$79,929",7.02,n/a,34.15%,-63.87%,-63.43%
unh,0.74,0.68,0.66,1.74,2.16,26.15%,7.66%,32.10%,"$779,215","$46,676",n/a,n/a,26.06%,8.71%,5.99%
ups,1.19,1.00,42.24,5.29,5.46,67.97%,1.47%,4.20%,"$309,415","$4,910",n/a,n/a,94.15%,9.08%,1.59%
uri,1.07,0.80,2.25,2.70,4.26,21.25%,6.43%,8.60%,"$467,397","$48,767",43.65,n/a,37.32%,21.10%,10.43%
uhs,1.32,1.19,0.66,2.25,2.58,16.82%,7.17%,13.80%,"$169,734","$13,861",n/a,n/a,100.00%,11.75%,8.17%
unm,n/a,n/a,0.31,2.64,6.99,7.61%,1.05%,1.60%,$1.28M,"$76,990",n/a,n/a,31.83%,8.75%,6.02%
vlo,1.71,1.01,0.78,24.88,-20.56,-5.25%,-1.80%,-3.40%,$6.51M,"-$142,613",10.06,n/a,-1.14%,-2.43%,-2.19%
vtr,n/a,n/a,1.19,6.30,6.41,4.14%,1.53%,2.30%,$8.47M,"$980,243",n/a,n/a,48.89%,14.78%,11.57%
vrsn,1.22,1.17,n/a,2.02,2.52,n/a,29.28%,37.30%,$1.41M,"$695,839",n/a,n/a,85.77%,64.91%,49.46%
vrsk,0.56,0.46,1.31,2.53,4.17,28.74%,8.73%,28.10%,"$310,781","$79,542",n/a,n/a,64.31%,37.28%,25.59%
vz,1.38,1.16,2.22,3.39,6.39,28.94%,6.36%,10.60%,"$986,103","$136,826",31.82,n/a,60.09%,22.45%,13.88%
vrtx,4.33,4.02,0.10,0.27,0.30,36.71%,17.87%,105.30%,$1.83M,"$797,543",3.29,n/a,88.14%,46.24%,43.70%
vfc,2.92,2.11,2.33,9.26,8.48,-4.93%,3.22%,0.90%,"$168,650","-$3,446",3.17,n/a,54.40%,1.50%,-2.04%
viac,1.66,1.21,1.39,4.82,10.82,17.35%,5.51%,9.50%,$1.14M,"$109,548",1.27,n/a,40.71%,15.97%,9.58%
vtrs,1.22,0.54,1.13,12.97,26.08,-3.85%,1.47%,-1.10%,"$265,467","-$14,887",2.00,n/a,31.78%,-1.76%,-5.61%
v,2.12,1.80,0.56,1.41,2.25,29.39%,11.24%,54.40%,$1.05M,"$522,927",n/a,n/a,82.38%,64.76%,49.91%
vno,n/a,n/a,1.19,20.16,24.79,-5.86%,0.99%,-0.10%,"$527,061","-$102,451",n/a,n/a,48.36%,23.46%,-19.44%
vmc,2.17,1.63,0.61,2.90,5.12,10.10%,5.05%,9.80%,"$548,980","$66,065",7.88,n/a,26.39%,18.44%,12.03%
wrb,n/a,n/a,0.43,2.77,1.73,8.57%,1.95%,3.00%,$1.08M,"$70,803",n/a,n/a,44.82%,10.56%,6.55%
wab,1.20,0.62,0.42,3.71,6.34,4.09%,2.91%,11.10%,"$279,856","$15,348",3.17,n/a,28.28%,9.85%,5.48%
wmt,0.97,0.26,0.78,1.87,2.43,16.21%,6.89%,12.60%,"$243,109","$5,874",9.40,n/a,24.83%,4.03%,2.42%
wba,0.84,0.19,1.93,21.52,9.69,-2.93%,1.78%,n/a,"$620,910","-$2,767",12.24,n/a,19.62%,0.57%,-0.45%
dis,1.31,1.17,0.69,26.71,22.02,-4.54%,0.36%,-3.50%,"$347,109","-$28,309",27.93,n/a,29.87%,-7.36%,-8.16%
wm,1.00,0.99,1.85,3.46,7.80,20.60%,5.75%,8.90%,"$315,399","$31,005",81.23,n/a,38.62%,15.99%,9.83%
wat,1.74,1.26,6.26,1.85,2.35,"1,363.46%",15.74%,24.70%,"$319,644","$70,483",3.22,n/a,57.44%,27.21%,22.05%
wec,0.50,0.30,1.36,4.93,-333.90,11.48%,3.06%,4.50%,"$995,696","$165,145",8.46,n/a,37.04%,23.56%,16.59%
wfc,n/a,n/a,1.47,30.11,132.59,4.24%,0.40%,n/a,"$273,484","$12,480",n/a,n/a,100.00%,20.33%,4.56%
well,n/a,n/a,0.89,5.59,2.72,6.07%,1.55%,3.30%,$10.89M,$2.31M,n/a,n/a,43.60%,13.55%,21.25%
wst,2.73,1.99,0.18,0.61,1.09,20.20%,10.23%,23.80%,"$233,359","$37,630",4.95,n/a,35.76%,18.95%,16.13%
wdc,2.01,1.06,0.93,4.28,40.96,1.74%,1.48%,4.00%,"$255,909","$2,618",3.70,n/a,24.21%,3.93%,1.02%
wu,n/a,n/a,16.44,2.56,3.98,"2,964.56%",6.79%,12.80%,"$439,545","$67,664",n/a,n/a,41.54%,20.01%,15.39%
wrk,1.60,0.75,0.82,6.60,5.52,-5.90%,2.71%,-0.40%,"$351,132","-$13,548",6.75,n/a,17.89%,-1.57%,-3.86%
wy,1.69,0.99,0.63,2.89,4.06,9.43%,6.03%,6.80%,"$803,671","$85,041",12.99,n/a,25.90%,22.70%,10.58%
whr,1.23,0.68,1.45,2.36,2.92,29.87%,7.13%,18.20%,"$262,679","$17,462",6.46,n/a,20.98%,9.67%,6.65%
wmb,0.62,0.49,1.90,6.98,9.90,1.28%,3.55%,2.60%,$1.63M,"$44,524",22.52,n/a,61.93%,28.53%,2.73%
wltw,1.05,0.24,0.62,2.71,4.51,9.58%,2.91%,15.60%,"$202,863","$21,605",n/a,n/a,100.00%,12.65%,10.65%
wynn,2.03,1.96,n/a,-59.79,-9.68,-578.73%,-5.29%,-4.40%,"$76,213","-$75,173",22.52,n/a,16.83%,-58.78%,-98.63%
xel,0.77,0.43,1.54,5.25,-12.19,10.59%,2.52%,3.30%,$1.01M,"$129,586",12.16,n/a,43.07%,18.36%,12.78%
xlnx,3.56,3.23,0.77,2.18,1.76,23.70%,8.92%,18.30%,"$624,163","$126,944",3.00,n/a,69.15%,23.96%,20.34%
xyl,1.80,1.43,1.04,5.03,4.81,8.55%,3.73%,8.20%,"$312,564","$16,282",5.55,n/a,37.53%,7.53%,5.21%
yum,1.01,0.75,n/a,6.28,9.37,n/a,19.87%,11.30%,"$148,737","$23,789",n/a,n/a,47.54%,26.59%,15.99%
zbra,0.69,0.37,0.64,1.76,1.54,25.31%,8.49%,38.90%,"$505,455","$57,273",4.96,n/a,45.03%,14.64%,11.33%
zbh,1.99,0.88,0.67,8.39,10.22,-1.12%,2.37%,-0.50%,"$351,225","-$6,945",0.88,n/a,69.70%,-1.25%,-1.98%
zion,n/a,n/a,0.37,3.84,5.31,11.00%,1.08%,0.90%,"$245,404","$55,670",n/a,n/a,100.00%,28.28%,22.69%
zts,3.05,2.13,1.95,2.76,4.40,50.49%,11.43%,20.60%,"$590,708","$144,956",1.35,n/a,69.18%,33.36%,24.54%
